-- phpMyAdmin SQL Dump
-- version 4.7.7
-- https://www.phpmyadmin.net/
--
-- Хост: 127.0.0.1:3307
-- Время создания: Окт 25 2021 г., 11:24
-- Версия сервера: 5.7.20-log
-- Версия PHP: 7.0.26

SET SQL_MODE = "NO_AUTO_VALUE_ON_ZERO";
SET AUTOCOMMIT = 0;
START TRANSACTION;
SET time_zone = "+00:00";


/*!40101 SET @OLD_CHARACTER_SET_CLIENT=@@CHARACTER_SET_CLIENT */;
/*!40101 SET @OLD_CHARACTER_SET_RESULTS=@@CHARACTER_SET_RESULTS */;
/*!40101 SET @OLD_COLLATION_CONNECTION=@@COLLATION_CONNECTION */;
/*!40101 SET NAMES utf8mb4 */;

--
-- База данных: `testPHP`
--

-- --------------------------------------------------------

--
-- Структура таблицы `contdata`
--

CREATE TABLE `contdata` (
  `id` int(11) NOT NULL,
  `parent_id` int(11) DEFAULT NULL,
  `sort_id` int(11) DEFAULT NULL,
  `is_group` tinyint(1) NOT NULL,
  `title` varchar(150) DEFAULT NULL,
  `model` varchar(50) DEFAULT NULL,
  `line1` text,
  `line2` text,
  `line3` text,
  `line4` text,
  `line5` text,
  `line6` text NOT NULL,
  `line7` text NOT NULL,
  `line8` text NOT NULL,
  `line9` text NOT NULL,
  `line10` text NOT NULL,
  `url` text NOT NULL,
  `url1` text NOT NULL,
  `url2` text NOT NULL,
  `url3` text NOT NULL,
  `url4` text NOT NULL,
  `url5` text NOT NULL,
  `url6` text NOT NULL,
  `url7` text NOT NULL,
  `url8` text NOT NULL,
  `url9` text NOT NULL,
  `url10` text NOT NULL
) ENGINE=InnoDB DEFAULT CHARSET=utf8 ROW_FORMAT=COMPACT;

--
-- Дамп данных таблицы `contdata`
--

INSERT INTO `contdata` (`id`, `parent_id`, `sort_id`, `is_group`, `title`, `model`, `line1`, `line2`, `line3`, `line4`, `line5`, `line6`, `line7`, `line8`, `line9`, `line10`, `url`, `url1`, `url2`, `url3`, `url4`, `url5`, `url6`, `url7`, `url8`, `url9`, `url10`) VALUES
(1, 1, 0, 0, 'ЭГСУ запуска газовой турбины', 'С107-ГТУ', 'номинальная подача насоса: 600 л/мин', 'номинальное давление: 29,5 МПа', NULL, NULL, NULL, '', '', '', '', '', '', '', '', '', '', '', '', '', '', '', ''),
(2, 1, 0, 0, 'ЭГСУ запуска газовой турбины', 'С107-ГТУ.1', 'номинальная подача насоса: 190 л/мин', 'номинальное давление: 32 МПа', NULL, NULL, NULL, '', '', '', '', '', '', '', '', '', '', '', '', '', '', '', ''),
(3, 2, 2, 0, 'Распределители гидравлические секционные', 'РАМ-8/3', 'условный проход: 8 мм', 'номинальное давление: 32 МПа', 'максимальный расход 40 л/мин', 'функция адаптации к нагрузке', NULL, '', '', '', '', '', '', '', '', '', '', '', '', '', '', '', ''),
(4, 2, 4, 0, 'Распределители гидравлические секционные', 'РАМ-12/3', 'условный проход 12 мм', 'номинальное давление 32 МПа', 'максимальный расход 100 л/мин', 'функция адаптации к нагрузке', NULL, '', '', '', '', '', '', '', '', '', '', '', '', '', '', '', ''),
(5, 2, 5, 0, 'Распределители гидравлические секционные', 'РАМ-20/3', 'условный проход 20 мм', 'номинальное давление 32 МПа', 'максимальный расход 250 л/мин', 'функция адаптации к нагрузке', NULL, '', '', '', '', '', '', '', '', '', '', '', '', '', '', '', ''),
(6, 2, 1, 0, 'Распределители гидравлические секционные', 'РАМ-6/3', 'условный проход 6 мм', 'номинальное давление 32 МПа', 'максимальный расход 30 л/мин', 'функция адаптации к нагрузке', NULL, '', '', '', '', '', '', '', '', '', '', '', '', '', '', '', ''),
(7, 2, 3, 0, 'Распределители гидравлические секционные', 'РСЭА-10/3.14', 'условный проход 10 мм', 'номинальное давление 10 МПа', 'максимальный расход 50 л/мин', 'функция адаптации к нагрузке', NULL, '', '', '', '', '', '', '', '', '', '', '', '', '', '', '', ''),
(8, 2, 3, 0, 'Распределители гидравлические секционные', 'РСЭА-10/3.12', 'условный проход 10 мм', 'номинальное давление 15 МПа', 'максимальный расход 50 л/мин', 'функция адаптации к нагрузке', NULL, '', '', '', '', '', '', '', '', '', '', '', '', '', '', '', ''),
(9, 3, 0, 0, 'Гидрораспределители', 'РГ-4', 'условный проход 4 мм', 'максимальный расход\r\n 5 л/мин', 'номинальное давление\r\n 32 МПа', 'монтаж: стыковый', '', '', '', '', '', '', '', '', '', '', '', '', '', '', '', '', ''),
(10, 3, 0, 0, 'Гидрораспределители стыкового монтажа', 'РГ-6', 'условный проход 6 мм', 'максимальный расход\r\n 80 л/мин', 'номинальное давление\r\n 32 МПа', 'монтаж: стыковый', '', '', '', '', '', '', '', '', '', '', '', '', '', '', '', '', ''),
(11, 3, 0, 0, 'Гидрораспределители стыкового монтажа', 'РГС3-6/3СЕ', 'условный проход 6 мм', 'максимальный расход\r\n 60 л/мин', 'номинальное давление\r\n 32 МПа', 'монтаж: стыковый', '', '', '', '', '', '', '', '', '', '', '', '', '', '', '', '', ''),
(12, 3, 0, 0, 'Гидрораспределители стыкового монтажа', 'РГC4-6/3СММ', 'условный проход \r\n6 мм', '\r\nмаксимальный расход 32 л/мин', 'номинальное давление\r\n 32 МПа', 'монтаж: стыковый', NULL, '', '', '', '', '', '', '', '', '', '', '', '', '', '', '', ''),
(13, 3, 0, 0, 'Гидрораспределители', 'РГМ-6/3СММ', 'условный проход 6 мм', 'максимальный расход 35 л/мин', 'номинальное давление 32 МПа', 'монтаж: стыковый', NULL, '', '', '', '', '', '', '', '', '', '', '', '', '', '', '', ''),
(14, 3, 0, 0, 'Гидрораспределители', 'РГC4-10/3СММ', 'условный проход \r\n10 мм', '\r\nмаксимальный расход 63 л/мин', 'номинальное давление\r\n 32 МПа', 'монтаж: стыковый', NULL, '', '', '', '', '', '', '', '', '', '', '', '', '', '', '', ''),
(15, 3, 0, 0, 'Гидрораспределитель ', 'РГ-6/7.С14.ГЗ.Г24', 'условный проход 6 мм', '\r\nмаксимальный расход 25 л/мин', 'номинальное давление\r\n 70 МПа', 'монтаж: стыковый', NULL, '', '', '', '', '', '', '', '', '', '', '', '', '', '', '', ''),
(16, 3, 0, 0, 'Гидрораспределители ', 'РГC5-6/3СЕ', 'условный проход 6 мм', '\r\nмаксимальный расход 32 л/мин', 'номинальное давление\r\n 32 МПа', 'монтаж: стыковый', NULL, '', '', '', '', '', '', '', '', '', '', '', '', '', '', '', ''),
(17, 3, 0, 0, 'Гидрораспределитель', 'РГ-6/7.С14.Г24', 'условный проход: 6 мм', '\r\nмаксимальный расход 25 л/мин', 'номинальное давление\r\n 70 МПа', 'монтаж: стыковый', NULL, '', '', '', '', '', '', '', '', '', '', '', '', '', '', '', ''),
(18, 3, 0, 0, 'Гидрораспределители', 'РГ-8/2СE', 'условный проход: 8 мм', '\r\nмаксимальный расход 8 л/мин', 'номинальное давление\r\n 20 МПа', 'монтаж: стыковый', NULL, '', '', '', '', '', '', '', '', '', '', '', '', '', '', '', ''),
(19, 3, 0, 0, 'Гидрораспределители прямого действия стыкового монтажа', 'РГС', 'условный проход: 10 мм', '\r\nмаксимальный расход 32 л/мин', 'номинальное давление\r\n 32 МПа', 'монтаж: стыковый', NULL, '', '', '', '', '', '', '', '', '', '', '', '', '', '', '', ''),
(20, 3, 0, 0, 'Гидрораспределители ', 'РГС-10/2СЕ', 'условный проход: 10 мм', '\r\nмаксимальный расход 20 л/мин', 'номинальное давление\r\n 20 МПа', 'монтаж: стыковый', NULL, '', '', '', '', '', '', '', '', '', '', '', '', '', '', '', ''),
(21, 3, 0, 0, 'Гидрораспределители стыкового монтажа', 'РГC4', 'условный проход: 6, 10 мм', '\r\nмаксимальный расход 32 и 63 л/мин', 'номинальное давление\r\n 32 МПа', 'монтаж: стыковый', NULL, '', '', '', '', '', '', '', '', '', '', '', '', '', '', '', ''),
(22, 16, 0, 0, 'Гидрораспределители с пропорциональным электрическим управлением ', 'РГП', 'условный проход: 6 мм', '\r\nмаксимальный расход 42 л/мин', 'номинальное давление\r\n 32 МПа', 'монтаж: стыковый', 'управление: электрическое пропорциональное', '', '', '', '', '', '', '', '', '', '', '', '', '', '', '', ''),
(24, 3, 0, 0, 'Гидрораспределители', 'РПГ-16/2С', 'условный проход: 16 мм', '\r\nмаксимальный расход: 100 л/мин', 'номинальное давление\r\n 20 МПа', 'монтаж: стыковый', NULL, '', '', '', '', '', '', '', '', '', '', '', '', '', '', '', ''),
(25, 3, 0, 0, 'Гидрораспределители', 'РПГ-*/3C', 'условный проход: 10, 16, 20, 32 мм', 'максимальный расход: 160, 300, 700, 1000 л/мин', 'номинальное давление 32 МПа', 'монтаж: стыковый', '', '', '', '', '', '', '', '', '', '', '', '', '', '', '', '', ''),
(27, 3, 0, 0, 'Распределители ', 'РЧГСС', 'условный проход: 5 мм', 'номинальный расход: 0.63 л/мин', 'номинальное давление: 20 МПа', NULL, NULL, '', '', '', '', '', '', '', '', '', '', '', '', '', '', '', ''),
(35, 3, 0, 0, 'Гидрораспределитель крановый ', 'РКМ8', '', 'максимальный расход 20 л/мин', 'номинальное давление: 2 МПа', '', '', '', '', '', '', '', '', '', '', '', '', '', '', '', '', '', ''),
(36, 16, 0, 0, 'Гидрораспределители ', 'РПГП', 'условные проходы 10, 16, 20, 32 мм', 'максимальные расходы 85, 250, 420, 1200 л/мин', 'номинальное давление 32 МПа', 'монтаж: стыковый', 'управление: электрическое пропорциональное', '', '', '', '', '', '', '', '', '', '', '', '', '', '', '', ''),
(38, 4, 0, 0, 'Гидроклапаны обратные стыкового и трубного монтажа', 'КО-*.32', 'условный проход: 50,63,80,100 мм', 'максимальный расход: 1200,2000,3200,5000 л/мин', 'номинальное давление: 32 МПа', 'монтаж: стыковый, трубный', '', '', '', '', '', '', '', '', '', '', '', '', '', '', '', '', ''),
(39, 4, 0, 0, 'Гидроклапаны обратные стыкового монтажа', 'КО-*.32С', 'условный проход: 20,32 мм', 'максимальный расход: 160,350 л/мин', 'номинальное давление: 32 МПа', 'монтаж: стыковый', '', '', '', '', '', '', '', '', '', '', '', '', '', '', '', '', ''),
(41, 4, 0, 0, 'Гидроклапаны обратные', 'КО-*Л', 'условный проход: 6,10,20,30 мм', 'максимальный расход: 25,50,220,450 л/мин', 'номинальное давление: 32 МПа', 'монтаж: трубный', '', '', '', '', '', '', '', '', '', '', '', '', '', '', '', '', ''),
(42, 4, 0, 0, 'Гидроклапаны обратные трубного монтажа', 'КО-*.20Т', 'условный проход: 8,10,16,20,32 мм', 'максимальный расход: 25,50,90,160,300 л/мин', 'номинальное давление: 20 МПа', 'монтаж: трубный', '', '', '', '', '', '', '', '', '', '', '', '', '', '', '', '', ''),
(44, 4, 0, 0, 'Гидроклапаны обратные', 'КО-10.32С', 'условный проход: 10 мм', 'максимальный расход: 50 л/мин', 'номинальное давление: 32 МПа', 'монтаж: стыковый', '', '', '', '', '', '', '', '', '', '', '', '', '', '', '', '', ''),
(45, 4, 0, 0, 'Гидроклапаны обратные трубного монтажа', 'КО-*.20Т', 'условный проход: 40,50 мм', 'максимальный расход: 550,800 л/мин', 'номинальное давление: 20 МПа', 'монтаж: трубный', '', '', '', '', '', '', '', '', '', '', '', '', '', '', '', '', ''),
(46, 4, 0, 0, 'Гидроклапаны обратные', 'КО-*.32Т1', 'условный проход: 50,80 мм', 'максимальный расход: 630,1500 л/мин', 'номинальное давление: 32 МПа', 'монтаж: трубный', '', '', '', '', '', '', '', '', '', '', '', '', '', '', '', '', ''),
(47, 4, 0, 0, 'Гидроклапаны обратные модульного монтажа', 'МКОМ', 'условный проход: 6,10,16,20 мм', 'максимальный расход: 80,160,200,320 л/мин', 'номинальное давление: 32 МПа', 'монтаж: модульный', '', '', '', '', '', '', '', '', '', '', '', '', '', '', '', '', ''),
(48, 4, 0, 0, 'Клапаны обратные вставного монтажа', 'МКОВ', 'условный проход: 16,25,32 мм', 'максимальный расход: 200,450,750 л/мин', 'номинальное давление: 32 МПа', 'монтаж: вставной', '', '', '', '', '', '', '', '', '', '', '', '', '', '', '', '', ''),
(49, 4, 0, 0, 'Гидрозамки стыкового и трубного монтажа', 'ГЗ', 'условный проход: 10,20,32,50,63,80,100 мм', 'максимальный расход: 63 .. 5000 л/мин', 'номинальное давление: 32 МПа', 'монтаж: стыковый, трубный', '', '', '', '', '', '', '', '', '', '', '', '', '', '', '', '', ''),
(50, 4, 0, 0, 'Гидрозамки модульного монтажа', 'ГЗМ', 'условный проход: 6,10,16,20 мм', 'максимальный расход: 80,100,180,240 л/мин', 'номинальное давление: 32 МПа', 'монтаж: модульный', '', '', '', '', '', '', '', '', '', '', '', '', '', '', '', '', ''),
(51, 4, 0, 0, 'Клапаны гидроуправляемые вставного монтажа', 'МКГВ', 'условный проход: 40,50,63,80,100,125,160 мм', 'максимальный расход: 1500 .. 18000 л/мин', 'номинальное давление: 32 МПа', 'монтаж: вставной', '', '', '', '', '', '', '', '', '', '', '', '', '', '', '', '', ''),
(53, 4, 0, 0, 'Клапаны гидроуправляемые вставного монтажа', 'МКГВ', 'условный проход: 16,25,32 мм', 'максимальный расход: 200,450,750 л/мин', 'номинальное давление: 32 МПа', 'монтаж: вставной', '', '', '', '', '', '', '', '', '', '', '', '', '', '', '', '', ''),
(54, 3, 0, 0, 'Гидрораспределители', 'Р50.32А44МГ', 'Условный проход 50 мм', 'Максимальный расход 400 л/мин', 'Номинальное давление 32 МПа', 'Монтаж: фланцевый', '', '', '', '', '', '', '', '', '', '', '', '', '', '', '', '', ''),
(55, 4, 0, 0, 'Клапаны обратные вставного монтажа', 'МКОВ', 'условный проход: 40, 50, 63, 80, 100, 125, 160 мм', 'максимальный расход: 1500 .. 18000 л/мин', 'номинальное давление 32 МПа', 'монтаж: вставной', '', '', '', '', '', '', '', '', '', '', '', '', '', '', '', '', ''),
(56, 5, 0, 0, 'Гидроклапаны предохранительные трубного монтажа', 'КП', 'условный проход: 10,20,32 мм', 'номинальное давление: 32 МПа', 'максимальный расход: 40, 100, 250 л/мин', 'монтаж: трубный', '', '', '', '', '', '', '', '', '', '', '', '', '', '', '', '', ''),
(57, 5, 0, 0, 'Гидроклапаны предохранительные трубного монтажа', 'КП*.5К', 'условный проход: 16,20 мм', 'номинальное давление: 5 МПа', 'максимальный расход: 50, 80 л/мин', 'монтаж: трубный', '', '', '', '', '', '', '', '', '', '', '', '', '', '', '', '', ''),
(58, 5, 0, 0, 'Гидроклапаны предохранительные', 'КП10.*С', 'условный проход: 10 мм', 'номинальное давление: 20 МПа', 'максимальный расход: 25 л/мин', 'монтаж: стыковый', '', '', '', '', '', '', '', '', '', '', '', '', '', '', '', '', ''),
(59, 5, 0, 0, 'Гидроклапаны предохранительные', 'КП10.*К*', 'условный проход: 10 мм', 'номинальное давление: 20 МПа', 'максимальный расход: 25 л/мин', 'монтаж: трубный', '', '', '', '', '', '', '', '', '', '', '', '', '', '', '', '', ''),
(60, 5, 0, 0, 'Гидроклапаны предохранительные', 'КП16.*К', 'условный проход: 16 мм', 'номинальное давление: 20 МПа', 'максимальный расход: 50 л/мин', 'монтаж: трубный', '', '', '', '', '', '', '', '', '', '', '', '', '', '', '', '', ''),
(61, 5, 0, 0, 'Гидроклапаны предохранительные', 'КП20.*С', 'условный проход: 20 мм', 'номинальное давление: 5,6,10,20 МПа', 'максимальный расход: 95 л/мин', 'монтаж: стыковый', '', '', '', '', '', '', '', '', '', '', '', '', '', '', '', '', ''),
(62, 5, 0, 0, 'Гидроклапаны предохранительные', 'КП20.*К', 'условный проход: 20 мм', 'номинальное давление: 20 МПа', 'максимальный расход: 100 л/мин', 'монтаж: трубный', '', '', '', '', '', '', '', '', '', '', '', '', '', '', '', '', ''),
(63, 5, 0, 0, 'Гидроклапаны предохранительные', 'КП32*С', 'условный проход: 32 мм', 'номинальное давление: 20 МПа', 'максимальный расход: 170 л/мин', 'монтаж: стыковый', '', '', '', '', '', '', '', '', '', '', '', '', '', '', '', '', ''),
(64, 5, 0, 0, 'Гидроклапаны предохранительные', 'КП32.*К*', 'условный проход: 32 мм', 'номинальное давление: 20 МПа', 'максимальный расход: 200 л/мин', 'монтаж: трубный', '', '', '', '', '', '', '', '', '', '', '', '', '', '', '', '', ''),
(65, 5, 0, 0, 'Гидроклапаны предохранительные', 'КП4.32С', 'условный проход: 4 мм', 'номинальное давление: 32 МПа', 'максимальный расход: 20 л/мин', 'монтаж: стыковый', '', '', '', '', '', '', '', '', '', '', '', '', '', '', '', '', ''),
(66, 5, 0, 0, 'Гидроклапаны предохранительные с электрическим управлением разгрузкой', 'КПС', 'условный проход: 40,50 мм', 'номинальное давление: 32 МПа', 'максимальный расход: 500, 6300 л/мин', 'монтаж: фланцевый', '', '', '', '', '', '', '', '', '', '', '', '', '', '', '', '', ''),
(67, 5, 0, 0, 'Гидроклапаны предохранительные с гидравлическим управлением разгрузкой', 'КПС', 'условный проход: 40,50 мм', 'номинальное давление: 32 МПа', 'максимальный расход: 500, 6300 л/мин', 'монтаж: фланцевый', '', '', '', '', '', '', '', '', '', '', '', '', '', '', '', '', ''),
(68, 5, 0, 0, 'Гидроклапаны предохранительные вставного монтажа', 'МКПВ', 'условный проход: 16,25,32 мм', 'номинальное давление: 32 МПа', 'максимальный расход: 200, 450, 750 л/мин', 'монтаж: вставной', '', '', '', '', '', '', '', '', '', '', '', '', '', '', '', '', ''),
(69, 5, 0, 0, 'Гидроклапаны предохранительные вставного монтажа', 'МКПВ', 'условный проход: 40,50,63 мм', 'номинальное давление: 32 МПа', 'максимальный расход: 1500, 2500, 3200 л/мин', 'монтаж: вставной', '', '', '', '', '', '', '', '', '', '', '', '', '', '', '', '', ''),
(70, 5, 0, 0, 'Гидроклапаны предохранительные вставного монтажа', 'МКПВ', 'условный проход: 80,100,125,160 мм', 'номинальное давление: 32 МПа', 'максимальный расход: 5000,8500,11000,17500 л/мин', 'монтаж: вставной', '', '', '', '', '', '', '', '', '', '', '', '', '', '', '', '', ''),
(71, 5, 0, 0, 'Гидроклапаны предохранительные стыкового и фланцевого монтажа', 'МКПВ-*/3', 'условный проход: 50, 80 мм', 'номинальное давление: 32 МПа', 'максимальный расход: 2000, 4000 л/мин', 'монтаж: стыковый, фланцевый', '', '', '', '', '', '', '', '', '', '', '', '', '', '', '', '', ''),
(72, 16, 0, 0, 'Гидроклапаны предохранительные с пропорциональным управлением вставного монтажа', 'МКПВП-*/3Ф', 'условный проход: 16,25,32 мм', 'номинальное давление: 32 МПа', 'максимальный расход: 200, 450, 750 л/мин', 'монтаж: вставной', 'управление: пропорциональное', '', '', '', '', '', '', '', '', '', '', '', '', '', '', '', ''),
(73, 16, 0, 0, 'Гидроклапаны предохранительные с пропорциональным управлением стыкового и трубного монтажа', 'МКПВП-*/3С', 'условный проход: 10,20,32 мм', 'номинальное давление: 32 МПа', 'максимальный расход: 200, 450, 750 л/мин', 'монтаж: стыковый, трубный', 'управление: пропорциональное', '', '', '', '', '', '', '', '', '', '', '', '', '', '', '', ''),
(74, 16, 0, 0, 'Гидроклапаны предохранительные с пропорциональным управлением', 'МКПВП-10/3М', 'условный проход: 10 мм', 'номинальное давление: 32 МПа', 'максимальный расход: 100 л/мин', 'монтаж: модульный', 'управление: пропорциональное', '', '', '', '', '', '', '', '', '', '', '', '', '', '', '', ''),
(75, 16, 0, 0, 'Гидроклапаны предохранительные с пропорциональным управлением', 'МКПВП-6/3МР', 'условный проход: 6 мм', 'номинальное давление: 32 МПа', 'максимальный расход: 40 л/мин', 'монтаж: модульный', 'управление: пропорциональное', '', '', '', '', '', '', '', '', '', '', '', '', '', '', '', ''),
(76, 5, 0, 0, 'Гидроклапаны предохранительные модульного монтажа', 'МКПМ', 'условный проход: 6,10,16,20 мм', 'номинальное давление: 32 МПа', 'максимальный расход: 80,120,200,320 л/мин', 'монтаж: модульный', '', '', '', '', '', '', '', '', '', '', '', '', '', '', '', '', ''),
(77, 5, 0, 0, 'Гидроклапаны редукционные стыкового монтажа', 'КР', 'условный проход: 10,20,32 мм', 'номинальное давление: 32 МПа', 'максимальный расход: 40, 100, 250 л/мин', 'монтаж: стыковый', '', '', '', '', '', '', '', '', '', '', '', '', '', '', '', '', ''),
(78, 5, 0, 0, 'Гидроклапаны редукционные', 'КР 10*С', 'условный проход: 10 мм', 'номинальное давление: 32 МПа', 'максимальный расход: 25 л/мин', 'монтаж: стыковый', '', '', '', '', '', '', '', '', '', '', '', '', '', '', '', '', ''),
(79, 5, 0, 0, 'Гидроклапаны редукционные', 'КР 20*С', 'условный проход: 20 мм', 'номинальное давление: 20 МПа', 'максимальный расход: 85 л/мин', 'монтаж: стыковый', '', '', '', '', '', '', '', '', '', '', '', '', '', '', '', '', ''),
(80, 5, 0, 0, 'Гидроклапаны редукционные вставного монтажа', 'МКРВ-*/3Ф', 'условный проход: 16,25,32 мм', 'номинальное давление: 32 МПа', 'максимальный расход: 200,450,7500 л/мин', 'монтаж: вставной', '', '', '', '', '', '', '', '', '', '', '', '', '', '', '', '', ''),
(81, 5, 0, 0, 'Гидроклапаны редукционные вставного монтажа', 'МКРВ', 'условный проход: 40,50,63 мм', 'номинальное давление: 32 МПа', 'максимальный расход: 1500,2500,3200 л/мин', 'монтаж: вставной', '', '', '', '', '', '', '', '', '', '', '', '', '', '', '', '', ''),
(82, 5, 0, 0, 'Гидроклапаны редукционные вставного монтажа', 'МКРВ', 'условный проход: 80,100,125,160 мм', 'номинальное давление: 32 МПа', 'максимальный расход: 4500,7000,11000,17500 л/мин', 'монтаж: вставной', '', '', '', '', '', '', '', '', '', '', '', '', '', '', '', '', ''),
(83, 16, 0, 0, 'Гидроклапаны редукционные вставного монтажа с пропорциональным управлением', 'МКРВП', 'условный проход: 16,25,32 мм', 'номинальное давление: 32 МПа', 'максимальный расход: 200,400,500 л/мин', 'монтаж: вставной', 'управление: пропорциональное', '', '', '', '', '', '', '', '', '', '', '', '', '', '', '', ''),
(84, 16, 0, 0, 'Гидроклапаны редукционные стыкового монтажа с пропорциональным управлением', 'МКРВП', 'условный проход: 10,20,32 мм', 'номинальное давление: 32 МПа', 'максимальный расход: 160,320,400 л/мин', 'монтаж: стыковый', 'управление: пропорциональное', '', '', '', '', '', '', '', '', '', '', '', '', '', '', '', ''),
(85, 16, 0, 0, 'Гидроклапаны редукционные с пропорциональным управлением', 'МКРВП-6/3МР', 'условный проход: 6 мм', 'номинальное давление: 32 МПа', 'максимальный расход: 50 л/мин', 'монтаж: модульный', 'управление: пропорциональное', '', '', '', '', '', '', '', '', '', '', '', '', '', '', '', ''),
(86, 5, 0, 0, 'Гидроклапаны редукционные модульного монтажа', 'МКРМ', 'условный проход: 6,10,16,20 мм', 'номинальное давление: 32 МПа', 'максимальный расход: 80,120,200,320 л/мин', 'монтаж: модульный', '', '', '', '', '', '', '', '', '', '', '', '', '', '', '', '', ''),
(87, 16, 0, 0, 'Гидроклапаны трехлинейные с пропорциональным управлением', 'МКТВП-6/3МР', 'условный проход: 6 мм', 'номинальное давление: 32 МПа', 'максимальный расход: 50 л/мин', 'монтаж: модульный', 'управление: пропорциональное', '', '', '', '', '', '', '', '', '', '', '', '', '', '', '', ''),
(88, 16, 0, 0, 'Гидроклапаны предохранительные с пропорциональным управлением', 'МКПВП-6/3С', 'условный проход: 6 мм', 'номинальное давление: 32 МПа', 'максимальный расход: 5 л/мин', 'монтаж: стыковый', 'управление: пропорциональное', '', '', '', '', '', '', '', '', '', '', '', '', '', '', '', ''),
(89, 6, 0, 0, 'Гидродроссели', 'ДР4.32Т1', 'условный проход: 4 мм', 'номинальное давление: 32 МПа', 'максимальный расход 6,3 л/мин', '', '', '', '', '', '', '', '', '', '', '', '', '', '', '', '', '', ''),
(90, 6, 0, 0, 'Гидродроссели', 'ДР50.20ТР', 'условный проход: 50 мм', 'номинальное давление: 20 МПа', 'максимальный расход 400 л/мин', '', '', '', '', '', '', '', '', '', '', '', '', '', '', '', '', '', ''),
(91, 16, 0, 0, 'Гидродроссели вставного монтажа с пропорциональным управлением', 'ДВП', 'условные проход: 16, 25, 32 мм', 'номинальное давление: 32 МПа', 'максимальный расход: 200, 300, 500 л/мин', 'монтаж: вставной', 'управление: пропорциональное', '', '', '', '', '', '', '', '', '', '', '', '', '', '', '', ''),
(92, 6, 0, 0, 'Гидродроссели с обратным клапаном', 'ДКТ', 'условные проход: 10, 15, 20, 25 мм', 'номинальное давление: 32 МПа', 'максимальный расход: 60, 120, 200, 320 л/мин', 'монтаж: трубный', '', '', '', '', '', '', '', '', '', '', '', '', '', '', '', '', ''),
(93, 6, 0, 0, 'Гидродроссели с обратным клапаном модульного монтажа', 'МДКМ', 'условные проход: 6, 10, 16, 20 мм', 'номинальное давление: 32 МПа', 'максимальный расход: 80, 160, 200, 320 л/мин', 'монтаж: модульный', '', '', '', '', '', '', '', '', '', '', '', '', '', '', '', '', ''),
(94, 6, 0, 0, 'Регуляторы расхода', 'РРГД10.32', 'условный проход: 10 мм', 'номинальное давление: 32 МПа', 'максимальный расход 32 л/мин', '', '', '', '', '', '', '', '', '', '', '', '', '', '', '', '', '', ''),
(95, 6, 0, 0, 'Регуляторы расхода с обратным клапаном', 'РРГД10.32.О.А', 'условный проход: 10 мм', 'номинальное давление: 32 МПа', 'максимальный расход 32 л/мин', '', '', '', '', '', '', '', '', '', '', '', '', '', '', '', '', '', ''),
(96, 6, 0, 0, 'Регуляторы расхода', 'РРГД16.32А', 'условный проход: 16 мм', 'номинальное давление: 32 МПа', 'максимальный расход 100 л/мин', '', '', '', '', '', '', '', '', '', '', '', '', '', '', '', '', '', ''),
(97, 6, 0, 0, 'Регуляторы расхода с обратным клапаном', 'РРГД16.32.О.А', 'условный проход: 16 мм', 'номинальное давление: 32 МПа', 'максимальный расход 100 л/мин', '', '', '', '', '', '', '', '', '', '', '', '', '', '', '', '', '', ''),
(98, 6, 0, 0, 'Дроссель-расходомер', 'СДР-2', 'номинальное давление: 25 МПа', 'предел измерения расхода: 140 л/мин', '', '', '', '', '', '', '', '', '', '', '', '', '', '', '', '', '', '', ''),
(99, 6, 0, 0, 'Дроссель-расходомер', 'СДР–3УК', 'номинальное давление: 25 МПа', 'предел измерения расхода: 350 л/мин', '', '', '', '', '', '', '', '', '', '', '', '', '', '', '', '', '', '', ''),
(100, 7, 0, 0, 'Гидроблок', 'БПР16.10С', 'условный проход: 16 мм', 'номинальное давление: 10 МПа', 'максимальный расход: 63 л/мин', '', '', '', '', '', '', '', '', '', '', '', '', '', '', '', '', '', ''),
(101, 7, 0, 0, 'Гидроблок', 'БПР32.10С', 'условный проход: 16 мм', 'номинальное давление: 10 МПа', 'максимальный расход: 160 л/мин', '', '', '', '', '', '', '', '', '', '', '', '', '', '', '', '', '', ''),
(102, 7, 0, 0, 'Гидроблок', 'П6.34Р.2х34ГЗ.44Г24', 'условный проход: 6 мм', 'номинальное давление: 16 МПа', 'максимальный расход: 50 л/мин', '', '', '', '', '', '', '', '', '', '', '', '', '', '', '', '', '', ''),
(103, 7, 0, 0, 'Гидроблок адаптеров', 'ГБА-20Т', 'условный проход: 6 мм', 'номинальное давление: 16 МПа', 'максимальный расход: 50 л/мин', '', '', '', '', '', '', '', '', '', '', '', '', '', '', '', '', '', ''),
(104, 7, 0, 0, 'Гидроблок', 'ГБА-6Т574ЕГ24', 'условный проход: 6 мм', 'номинальное давление: 63 МПа', 'максимальный расход: 20 л/мин', '', '', '', '', '', '', '', '', '', '', '', '', '', '', '', '', '', ''),
(105, 7, 0, 0, 'Комплект гидравлических устройств', 'КГУ-10/2Т', 'условный проход: 10 мм', 'номинальное давление: 25 МПа', 'максимальный расход: 140 л/мин', 'адаптация к нагрузке', '', '', '', '', '', '', '', '', '', '', '', '', '', '', '', '', ''),
(106, 7, 0, 0, 'Цифровой клапанный гидропривод', 'ГЭК-250', 'условный проход: 25 мм', 'номинальное давление: 32 МПа', 'максимальный расход: 240 л/мин', '', '', '', '', '', '', '', '', '', '', '', '', '', '', '', '', '', ''),
(107, 8, 0, 0, 'Насосы аксиально-поршневые', 'НС4-20', 'рабочий объем: 4 см3', 'номинальная подача: 5.5 л/мин', 'номинальное давление: 20 МПа', '', '', '', '', '', '', '', '', '', '', '', '', '', '', '', '', '', ''),
(108, 8, 0, 0, 'Насосы аксиально-поршневые', 'НК 25-32', 'рабочий объем: 12.5, 25 см3', 'номинальная подача: 16.8, 35 л/мин', 'номинальное давление: 32 МПа', '', '', '', '', '', '', '', '', '', '', '', '', '', '', '', '', '', ''),
(110, 8, 0, 0, 'Насосы аксиально-поршневые', 'НАП 71-32', 'рабочий объем: 20,36,50,71 см3', 'номинальная подача: 25,50,70,100 л/мин', 'номинальное давление: 32 МПа', '', '', '', '', '', '', '', '', '', '', '', '', '', '', '', '', '', ''),
(111, 8, 0, 0, 'Насосы аксиально-поршневые', 'НАП 140-20', 'рабочий объем: 140 см3', 'номинальная подача: 200 л/мин', 'номинальное давление: 20 МПа', '', '', '', '', '', '', '', '', '', '', '', '', '', '', '', '', '', ''),
(112, 8, 0, 0, 'Насосы аксиально-поршневые', 'НАП РП 140-20', 'рабочий объем: 140 см3', 'номинальная подача: 200 л/мин', 'номинальное давление: 20 МПа', 'адаптация к нагрузке', '', '', '', '', '', '', '', '', '', '', '', '', '', '', '', '', ''),
(113, 8, 0, 0, 'Насосы аксиально-поршневые', 'НАПД', 'рабочий объем: 10.55 см3', 'номинальная подача: 15 л/мин', 'номинальное давление: 20 МПа', '', '', '', '', '', '', '', '', '', '', '', '', '', '', '', '', '', ''),
(114, 8, 0, 0, 'Агрегаты насосные', 'АНЭ 140/20', 'рабочий объем: 140 см3', 'номинальная подача: 200 л/мин', 'номинальное давление: 20 МПа', '', '', '', '', '', '', '', '', '', '', '', '', '', '', '', '', '', ''),
(115, 8, 0, 0, 'Агрегаты насосные', 'АНЭ 450/20', 'рабочий объем: 450 см3', 'номинальная подача: 414 л/мин', 'номинальное давление: 20 МПа', '', '', '', '', '', '', '', '', '', '', '', '', '', '', '', '', '', ''),
(116, 8, 0, 0, 'Насос аксиально-поршневой', 'ПНАПП.Н2.280-25', 'рабочий объем: 280 см3', 'номинальная подача: 395 л/мин', 'номинальное давление: 25 МПа', 'управление: пропорциональное', '', '', '', '', '', '', '', '', '', '', '', '', '', '', '', '', ''),
(117, 8, 0, 0, 'Насос аксиально-поршневой', 'НАПП.Н2.280-25', 'рабочий объем: 280 см3', 'номинальная подача: 395 л/мин', 'номинальное давление: 25 МПа', 'управление: пропорциональное', '', '', '', '', '', '', '', '', '', '', '', '', '', '', '', '', ''),
(118, 8, 0, 0, 'Насос аксиально-поршневой', 'НАПП 140-20', 'рабочий объем: 140 см3', 'номинальная подача: 140л/мин', 'номинальное давление: 20 МПа', 'управление: пропорциональное', '', '', '', '', '', '', '', '', '', '', '', '', '', '', '', '', ''),
(119, 8, 0, 0, 'Агрегаты насосные', 'НАПГС 280-25', 'рабочий объем: 280 см3', 'номинальная подача: 400 л/мин', 'номинальное давление: 25 МПа', 'гидравлическое управление подачей', '', '', '', '', '', '', '', '', '', '', '', '', '', '', '', '', ''),
(120, 8, 0, 0, 'Насосы аксиально-поршневые', 'НТ 140-14', 'рабочий объем: 140 см3', 'номинальная подача: 140 л/мин', 'номинальное давление: 14 МПа', '', '', '', '', '', '', '', '', '', '', '', '', '', '', '', '', '', ''),
(121, 8, 0, 0, 'Насосы эксцентриковые<br>радиально-поршневые', 'НЭРП 1,6-50', 'рабочий объем: 1.6 см3', 'номинальная подача: 2.2 л/мин', 'номинальное давление: 50 МПа', '', '', '', '', '', '', '', '', '', '', '', '', '', '', '', '', '', ''),
(122, 8, 0, 0, 'Насосы плунжерные', 'НКР-1Г', 'номинальная подача: 0.15л/мин', 'номинальное давление: 2 МПа', NULL, '', '', '', '', '', '', '', '', '', '', '', '', '', '', '', '', '', ''),
(123, 8, 0, 0, 'Гидромашины аксиально-поршневые', 'НМС', 'рабочий объем: 5.55, 4 см3', 'номинальная подача: 7.7, 5.3 л/мин', 'номинальное давление: 30 МПа', '', '', '', '', '', '', '', '', '', '', '', '', '', '', '', '', '', ''),
(125, 8, 0, 0, 'Насос смазочный однопоршневой с механическим приводом', 'НСО 1,25-1,6-1', 'рабочий объем : 3.2, 6.3 см3', 'номинальное давление: 1.6 МПа', NULL, '', '', '', '', '', '', '', '', '', '', '', '', '', '', '', '', '', ''),
(126, 8, 0, 0, 'Насосы смазочные однопоршневые', 'НСО', 'рабочий объем : 1.25 см3', 'номинальное давление: 1.6 МПа', NULL, '', '', '', '', '', '', '', '', '', '', '', '', '', '', '', '', '', ''),
(127, 13, 0, 0, 'Электронные блоки для управления пропорциональной гидроаппаратурой', NULL, 'формат EUROCARD: 100×160 мм', 'напряжение питания: 12 В, 24 В', '', '', '', '', '', '', '', '', '', '', '', '', '', '', '', '', '', '', ''),
(128, 13, 0, 0, 'Электронные блоки для управления пропорциональной гидроаппаратурой', NULL, 'формат ME: крепление на DIN-рейку', 'напряжение питания: 12 В, 24 В', '', '', '', '', '', '', '', '', '', '', '', '', '', '', '', '', '', '', ''),
(129, 8, 0, 0, 'Агрегаты насосные', 'АН*-0,5', 'подача насоса: 5..8 л/мин', 'давление: 2.5 МПа', '', '', '', '', '', '', '', '', '', '', '', '', '', '', '', '', '', '', ''),
(130, 8, 0, 0, 'Агрегаты насосные', 'АН*-2,5', 'подача насоса: 15..47 л/мин', 'давление: 2.5 МПа', '', '', '', '', '', '', '', '', '', '', '', '', '', '', '', '', '', '', ''),
(131, 8, 0, 0, 'Агрегаты насосные', 'АН*-2,5', 'подача насоса: 50..125 л/мин', 'давление: 2.5 МПа', '', '', '', '', '', '', '', '', '', '', '', '', '', '', '', '', '', '', ''),
(132, 9, 0, 0, 'Установка насосная', 'С47-Г48', 'подача насоса: 10..30 л/мин', 'давление: 2.5 .. 6 МПа', 'гидробак: 63 л', '', '', '', '', '', '', '', '', '', '', '', '', '', '', '', '', '', ''),
(133, 9, 0, 0, 'Установка насосная', 'С61-1С160', 'подача насоса: 63.5 л/мин', 'давление: 4 МПа', 'гидробак: 160 л', '', '', '', '', '', '', '', '', '', '', '', '', '', '', '', '', '', ''),
(134, 9, 0, 0, 'Установка насосная', 'С106-160В', 'подача насоса: 71.4 л/мин', 'давление: 4.5 МПа', 'гидробак: 160 л', '', '', '', '', '', '', '', '', '', '', '', '', '', '', '', '', '', ''),
(135, 9, 0, 0, 'Установка насосная', 'Г570', 'подача насоса: 2.2 л/мин', 'давление: 50 МПа', 'гидробак: 30 л', '', '', '', '', '', '', '', '', '', '', '', '', '', '', '', '', '', ''),
(136, 9, 0, 0, 'Установка', 'С14-УПЭ1', 'подача насоса: 100 л/мин', 'гидробак: 1250 л', 'назначение: приготовление эмульсии', '', '', '', '', '', '', '', '', '', '', '', '', '', '', '', '', '', ''),
(137, 9, 0, 0, 'Станция гидропривода', 'С63 и С100', 'подача насоса: 14.4, 21.1, 35.7 л/мин', 'давление: 8, 6.3 МПа', 'гидробак: 63, 100 л', '\"назначнеие: управление платформой подъема и опускания древесностружечных плит \"', '', '', '', '', '', '', '', '', '', '', '', '', '', '', '', '', ''),
(138, 9, 0, 0, 'Станция гидропривода', 'С10-ДГ30', 'подача насоса: 8 л/мин', 'давление: 2, 32 МПа', 'гидробак: 100 л', 'наличие дожима ручным насосом до давления 32 МПа', '', '', '', '', '', '', '', '', '', '', '', '', '', '', '', '', ''),
(139, 9, 0, 0, 'Станция гидропривода', 'С31-ШЗ', 'подача насоса: 56.7 л/мин', 'давление: 10 МПа', 'гидробак: 160 л', '', '', '', '', '', '', '', '', '', '', '', '', '', '', '', '', '', ''),
(140, 9, 0, 0, 'Станция насосная', 'С32-СММ', 'подача насоса: 4,3 л/мин', 'давление: 32 МПа', 'гидробак: 15 л', '', '', '', '', '', '', '', '', '', '', '', '', '', '', '', '', '', ''),
(141, 9, 0, 0, 'Станция насосная', 'С32-СММ.01', 'подача насоса: 4,3 л/мин', 'давление: 32 МПа', 'гидробак: 15 л', '', '', '', '', '', '', '', '', '', '', '', '', '', '', '', '', '', ''),
(142, 9, 0, 0, 'Станция гидропривода', 'С55-МП600РЗ', 'подача насоса: 22.8, 28.8 л/мин', 'давление: 4 МПа', 'гидробак: 250 л', 'применение: управление столом подачи пиловой и фрезерной машины МП-600', '', '', '', '', '', '', '', '', '', '', '', '', '', '', '', '', ''),
(143, 9, 0, 0, 'Станция гидропривода', 'С65-ПФКО', 'подача насоса: 200 л/мин', 'давление: 30 МПа', 'гидробак: 1000 л', 'применение: производство формовочных изделий', '', '', '', '', '', '', '', '', '', '', '', '', '', '', '', '', ''),
(144, 9, 0, 0, 'Станция гидропривода', 'С96-РТ', 'подача насоса: 8.9, 8.9 л/мин', 'давление: 16 МПа', 'гидробак: 160 л', 'применение: разгрузка склада топлива', '', '', '', '', '', '', '', '', '', '', '', '', '', '', '', '', ''),
(145, 9, 0, 0, 'Станция гидропривода', 'С104-ПВП', 'подача насоса: 5,3 л/мин', 'давление: 16 МПа', 'гидробак: 63 л', '', '', '', '', '', '', '', '', '', '', '', '', '', '', '', '', '', ''),
(146, 9, 0, 0, 'Станция гидропривода', 'С108-СЛ', 'подача насоса: 18 л/мин', 'давление: 11.6 МПа', 'гидробак: 100 л', '', '', '', '', '', '', '', '', '', '', '', '', '', '', '', '', '', ''),
(147, 9, 0, 0, 'Станция гидропривода', 'С109-ПР', 'подача насоса: 11..83 л/мин', 'давление: 32 МПа', 'гидробак: 350 л,', 'применение: обжимка деталей двигателя', '', '', '', '', '', '', '', '', '', '', '', '', '', '', '', '', ''),
(148, 9, 0, 0, 'Станция гидропривода', 'С111-ПН', 'подача насоса: 59,8 л/мин', 'давление: 12.5 МПа', 'гидробак: 250 л', '', '', '', '', '', '', '', '', '', '', '', '', '', '', '', '', '', ''),
(149, 9, 0, 0, 'Станция гидропривода', 'С122-СТД', 'подача насоса: 4 л/мин', 'давление: 32 МПа', 'гидробак: 30 л', 'применение: испытание балок мостоленты', '', '', '', '', '', '', '', '', '', '', '', '', '', '', '', '', ''),
(150, 9, 0, 0, 'Станция гидропривода', 'С125-ТТ3304', 'подача насоса: 12.7, 35.7 л/мин', 'давление: 6.3 МПа', 'гидробак: 160 л', 'применение: токарно-трубный станок ТТ3304', '', '', '', '', '', '', '', '', '', '', '', '', '', '', '', '', ''),
(151, 9, 0, 0, 'Станция гидропривода', 'С148-ТР566', 'подача насоса: 100 л/мин', 'давление: 10 МПа', 'гидробак: 250 л', 'применение: манипулятор ТР566-60', '', '', '', '', '', '', '', '', '', '', '', '', '', '', '', '', ''),
(152, 9, 0, 0, 'Станция гидропривода', 'С149-4951КН.80', 'подача насоса: 68,5 л/мин', 'давление: 5 МПа', 'гидробак: 200 л', 'применение: литьевые машины', '', '', '', '', '', '', '', '', '', '', '', '', '', '', '', '', ''),
(153, 9, 0, 0, 'Станция гидропривода', 'С154-ССП4М', 'подача насоса: 100 л/мин', 'давление: 6 МПа', 'гидробак: 320 л', 'применение: станок для сборки покрышек ССП4 М', '', '', '', '', '', '', '', '', '', '', '', '', '', '', '', '', ''),
(154, 9, 0, 0, 'Станция гидропривода', 'С158-9330', 'подача насоса: 5, 70 л/мин', 'давление: 10 МПа', 'гидробак: 800 л', 'применение: обточной станка КЗТС9330', '', '', '', '', '', '', '', '', '', '', '', '', '', '', '', '', ''),
(155, 9, 0, 0, 'Станция гидропривода', 'С162-ПО', 'подача насоса: 19 л/мин', 'давление: 16 МПа', 'гидробак: 63 л', 'применение: управление рамой отражателя', '', '', '', '', '', '', '', '', '', '', '', '', '', '', '', '', ''),
(156, 9, 0, 0, 'Станция гидропривода', 'С171-МАСТ', 'подача насоса: 9.7, 27.9 л/мин', 'давление: 6.3 МПа', 'гидробак: 100 л', 'применение: станочное оборудование', '', '', '', '', '', '', '', '', '', '', '', '', '', '', '', '', ''),
(157, 9, 0, 0, 'Станция гидропривода', 'С184-НТ', 'подача насоса: 36 л/мин', 'давление: 17 МПа', 'гидробак: 160 л', 'применение: натяжение тросов', '', '', '', '', '', '', '', '', '', '', '', '', '', '', '', '', ''),
(158, 9, 0, 0, 'Станция гидропривода передвижная', 'Г519М', 'подача насоса: 2.4 л/мин', 'давление: 40 МПа', 'гидробак: 70 л', '', '', '', '', '', '', '', '', '', '', '', '', '', '', '', '', '', ''),
(159, 9, 0, 0, 'Станция гидропривода', 'Г546', 'подача насоса: 113 л/мин', 'давление: 5 МПа', 'гидробак: 200 л', 'применение: линия переработки шлака', '', '', '', '', '', '', '', '', '', '', '', '', '', '', '', '', ''),
(160, 9, 0, 0, 'Станция гидропривода', 'Г624', 'подача насоса: 100 л/мин', 'давление: 2.5 МПа', '', 'применение: перекачка протечек масла', '', '', '', '', '', '', '', '', '', '', '', '', '', '', '', '', ''),
(161, 9, 0, 0, 'Станция гидропривода', 'Г624М', 'подача насоса: 100 л/мин', 'давление: 2.5 МПа', '', 'применение: перекачка протечек масла', '', '', '', '', '', '', '', '', '', '', '', '', '', '', '', '', ''),
(162, 9, 0, 0, 'Станция гидропривода', 'Г533', 'подача насоса: 7.7 л/мин', 'давление: 25 МПа', 'гидробак: 150 л', 'применение: вывинчивание втулок крупногабаритных изделий', '', '', '', '', '', '', '', '', '', '', '', '', '', '', '', '', ''),
(163, 9, 0, 0, 'Гидросистема', 'ГИС-1', 'подача насоса: 80 л/мин', 'давление: 18 МПа', 'гидробак: 280 л', 'применение: мобильная установка измельчения и смешивания', '', '', '', '', '', '', '', '', '', '', '', '', '', '', '', '', ''),
(164, 9, 0, 0, 'Станция гидропривода', 'Г715', '', 'давление: 12 МПа', 'гидробак: 260 л', 'применение: монтаж подвышечного основания бурильной установки', '', '', '', '', '', '', '', '', '', '', '', '', '', '', '', '', ''),
(165, 9, 0, 0, 'Гидросистема', 'ГСПР-1', 'подача насоса: 43 л/мин', 'давление: 20 МПа', 'гидробак: 100 л', 'применение: мобильная установка солепескораспределения', '', '', '', '', '', '', '', '', '', '', '', '', '', '', '', '', ''),
(166, 9, 0, 0, 'Станция гидропривода', 'С25-УНРС', 'подача насоса: 22 л/мин', 'давление: 20 МПа', 'гидробак: 400 л', 'применение: непрерывная разливка стали', '', '', '', '', '', '', '', '', '', '', '', '', '', '', '', '', ''),
(167, 9, 0, 0, 'Комплект гидрооборудования', 'С42-КМК', 'подача насоса: 33 л/мин', 'давление: 14 МПа', 'гидробак: 160 л', 'применение: непрерывная разливка стали', '', '', '', '', '', '', '', '', '', '', '', '', '', '', '', '', ''),
(168, 9, 0, 0, 'Станция гидропривода', 'С43-Ш3', 'подача насоса: 71 л/мин', 'давление: 10 МПа', 'гидробак: 320 л', 'применение: непрерывная разливка стали', '', '', '', '', '', '', '', '', '', '', '', '', '', '', '', '', ''),
(169, 9, 0, 0, 'Станция гидропривода', NULL, 'подача насоса: 5..400 л/мин', 'давление: до 50 МПа', 'гидробак: 10..2500 л', '', '', '', '', '', '', '', '', '', '', '', '', '', '', '', '', '', ''),
(170, 9, 0, 0, 'Станция гидропривода', 'С129-ПХЛ', 'подача насоса: 150 л/мин', 'давление: 6.3 МПа', 'гидробак: 100 л', 'применение: управление агрегатом продольной резки металлического листа', '', '', '', '', '', '', '', '', '', '', '', '', '', '', '', '', ''),
(171, 9, 0, 0, 'Станция гидропривода', 'С155-А2431', 'подача насоса: 44 л/мин', 'давление: 10 МПа', 'гидробак: 200 л', 'применение: управление 9-ти клетьевым редукционным станом', '', '', '', '', '', '', '', '', '', '', '', '', '', '', '', '', ''),
(172, 9, 0, 0, 'Станция гидропривода', 'С163–ПХЛ', 'подача насоса: 150 л/мин', 'давление: 16 МПа', 'гидробак: 1000 л', 'применение: подъем крышек НТА-3 ПХЛ', '', '', '', '', '', '', '', '', '', '', '', '', '', '', '', '', ''),
(173, 9, 0, 0, 'Станция гидропривода', 'С164-ПХЛ', 'подача насоса: 200 л/мин', 'давление: 7.5 МПа', 'гидробак: 1000 л', 'применение: перемещение стола разматывателя в составе непрерывного четырехклетьевого стана', '', '', '', '', '', '', '', '', '', '', '', '', '', '', '', '', ''),
(174, 9, 0, 0, 'Станция гидропривода', 'С16-СППР.1300M', 'подача насоса: 27.9, 46.8 л/мин', 'давление: 6.3 МПа', 'гидробак: 250 л', 'применение: станок раскроя бабин 60 ОМА 853', '', '', '', '', '', '', '', '', '', '', '', '', '', '', '', '', ''),
(175, 9, 0, 0, 'Станция гидропривода', 'С22-РТ70.04', 'подача насоса: 3,5 л/мин', 'давление: 6 МПа', 'гидробак: 30 л', 'применение: управление дефибратором РТ70', '', '', '', '', '', '', '', '', '', '', '', '', '', '', '', '', ''),
(176, 9, 0, 0, 'Станция гидропривода', 'С22-РТ70.05', 'подача насоса: 5 л/мин', 'давление: 0,5 МПа', 'гидробак: 30 л', 'применение: система смазки', '', '', '', '', '', '', '', '', '', '', '', '', '', '', '', '', ''),
(177, 9, 0, 0, 'Станция гидропривода', 'С26-К25.038', 'подача насоса: 200 л/мин', 'давление: 25.5 МПа', 'гидробак: 2500 л', 'применение: управление прессом', '', '', '', '', '', '', '', '', '', '', '', '', '', '', '', '', ''),
(178, 9, 0, 0, 'Станция гидропривода', 'С100-РК2М', 'подача насоса: 15.18, 43.68 л/мин', 'давление 4 МПа', 'гидробак: 130 л', 'применение: пилорамы', '', '', '', '', '', '', '', '', '', '', '', '', '', '', '', '', ''),
(179, 9, 0, 0, 'Станция гидропривода', 'С100-РПМ-02К', 'подача насоса: 15.18, 43.68 л/мин', 'давление 4 МПа', 'гидробак: 130 л', 'применение: пилорамы', '', '', '', '', '', '', '', '', '', '', '', '', '', '', '', '', ''),
(180, 9, 0, 0, 'Станция гидропривода', 'С116-Ц2Д', 'подача насоса: 21,1 л/мин', 'давление: 4.5 МПа', 'гидробак: 40 л', 'применение: обрезные станки', '', '', '', '', '', '', '', '', '', '', '', '', '', '', '', '', ''),
(181, 9, 0, 0, 'Станция гидропривода', 'С90-ДО537', 'подача насоса: 395 л/мин', 'давление: 25 МПа', 'гидробак: 3000 л', 'применение: управление прессом', '', '', '', '', '', '', '', '', '', '', '', '', '', '', '', '', ''),
(182, 9, 0, 0, 'Станция гидропривода', 'С113-ЛПМП', 'подача насоса: 14.7, 18.7 л/мин', 'давление: 10 МПа', 'гидробак: 160 л', 'применение: производство межкомнатных перегородок', '', '', '', '', '', '', '', '', '', '', '', '', '', '', '', '', ''),
(183, 9, 0, 0, 'Станция гидропривода', 'С114-ЛПМП', 'подача насоса: 26.7, 46.7 л/мин', 'давление: 32 МПа', 'гидробак: 400 л', 'применение: производство межкомнатных перегородок', '', '', '', '', '', '', '', '', '', '', '', '', '', '', '', '', ''),
(184, 9, 0, 0, 'Станция гидропривода', 'С114М-ЛПМП', 'подача насоса: 100 л/мин', 'давление: 32 МПа', 'гидробак: 500 л', 'применение: производство межкомнатных перегородок', '', '', '', '', '', '', '', '', '', '', '', '', '', '', '', '', ''),
(185, 9, 0, 0, 'Станция гидропривода', 'С124-ХБ.134', 'подача насоса: 30 л/мин', 'давление: 16 МПа', 'гидробак: 160 л', 'применение: производство строительных блоков, резательная машина ХБ-134', '', '', '', '', '', '', '', '', '', '', '', '', '', '', '', '', ''),
(186, 9, 0, 0, 'Станция гидропривода', 'С186-ПР5.А', 'подача насоса: 100, 250 л/мин', 'давление: 100 МПа', 'гидробак: 2800 л', 'применение: холодное прессование ДСП', '', '', '', '', '', '', '', '', '', '', '', '', '', '', '', '', ''),
(187, 9, 0, 0, 'Станция гидропривода', 'С117-BU.1.GSKTB', 'подача насоса: 15,5 л/мин', 'давление: 16 МПа', 'гидробак: 120 л', 'применение: подъем рельсового пути АЭС', '', '', '', '', '', '', '', '', '', '', '', '', '', '', '', '', ''),
(188, 9, 0, 0, 'Станция гидропривода', 'С157-КК.GSKTB', 'подача насоса: 15,5 л/мин', 'давление: 16 МПа', 'гидробак: 160 л', 'применение: транспортный шлюз АЭС', '', '', '', '', '', '', '', '', '', '', '', '', '', '', '', '', ''),
(189, 9, 0, 0, 'Станция гидропривода', 'С136-ДБВП', 'подача насоса: 40 л/мин', 'давление: 2.5 МПа', 'гидробак: 160 л', 'применение: управление воротами и затворами судоходного шлюза', '', '', '', '', '', '', '', '', '', '', '', '', '', '', '', '', ''),
(190, 9, 0, 0, 'Станция гидропривода', 'С156-ДБВП', 'подача насоса: 46 л/мин', 'давление: 9.5 МПа', 'гидробак: 250 л', 'применение: управление шанторным затвором судоходного шлюза', '', '', '', '', '', '', '', '', '', '', '', '', '', '', '', '', ''),
(191, 9, 0, 0, 'Станция гидропривода', 'С160-РТ', 'подача насоса: 50 л/мин', 'давление: 16 МПа', 'гидробак: 160 л', 'применение: разгрузка склада топлива', '', '', '', '', '', '', '', '', '', '', '', '', '', '', '', '', ''),
(192, 9, 0, 0, 'Станция гидропривода', 'С177-РТ', 'подача насоса: 40 л/мин', 'давление: 16 МПа', 'гидробак: 160 л', 'применение: разгрузка склада топлива', '', '', '', '', '', '', '', '', '', '', '', '', '', '', '', '', ''),
(193, 9, 0, 0, 'Станция гидропривода', 'С50-Ш3', 'подача насоса: 22 л/мин', 'давление: 20 МПа', 'гидробак: 500 л', 'применение: управление шиберными затворами на установке разливки стали', '', '', '', '', '', '', '', '', '', '', '', '', '', '', '', '', ''),
(195, 8, 0, 0, 'Насос ручной гидравлический', 'РН -160', 'рабочий объем: 25 см3', 'номинальное давление: 16 МПа', '', '', '', '', '', '', '', '', '', '', '', '', '', '', '', '', '', '', ''),
(196, 8, 0, 0, 'Насосы ручные гидравлические', 'РН', 'рабочий объем: 0.8 .. 5.5 см3', 'номинальное давление: до 150 МПа', '', '', '', '', '', '', '', '', '', '', '', '', '', '', '', '', '', '', ''),
(197, 8, 0, 0, 'Насос ручной', 'РНВ-200', 'усилие на рукоятке: 30 кгс', 'номинальное давление: 20 МПа', '', '', '', '', '', '', '', '', '', '', '', '', '', '', '', '', '', '', ''),
(198, 10, 0, 0, 'Домкрат гидравлический', 'ДГ', 'грузоподъемность: 1000, 2000 кН', 'номинальное давление: 25 МПа', '', '', '', '', '', '', '', '', '', '', '', '', '', '', '', '', '', '', ''),
(199, 10, 0, 0, 'Домкрат гидравлический комплектный', 'ДГН.50-70/110', 'грузоподъемность: 500 кН', 'максимальное давление: 70 МПа', '', '', '', '', '', '', '', '', '', '', '', '', '', '', '', '', '', '', ''),
(200, 10, 0, 0, 'Домкрат гидравлический автономный', 'ДГА-50', 'грузоподъемность: 500 кН', '', '', '', '', '', '', '', '', '', '', '', '', '', '', '', '', '', '', '', ''),
(201, 10, 0, 0, 'Домкрат гидравлический комплектный', 'ДГН100-65/70', 'грузоподъемность: 1000 кН', 'максимальное давление: 70 МПа', '', '', '', '', '', '', '', '', '', '', '', '', '', '', '', '', '', '', ''),
(202, 11, 0, 0, 'Реле контроля расхода', 'РКР-РТ70', 'Ном. рабочее давление: 0,15 МПа', 'Макс. давление: 0,18 МПа', '', '', '', '', '', '', '', '', '', '', '', '', '', '', '', '', '', '', ''),
(203, 11, 0, 0, 'Фильтры напорные', 'ФГИ', 'Условный проход:12, 20, 32 мм', 'Ном. давление: 32 МПа', '', '', '', '', '', '', '', '', '', '', '', '', '', '', '', '', '', '', ''),
(205, 11, 0, 0, 'Теплообменник воздушный', 'Т', 'Ном. расход: 32, 50 л/мин', 'Макс. давление: 0,2 МПа', '', '', '', '', '', '', '', '', '', '', '', '', '', '', '', '', '', '', ''),
(206, 11, 0, 0, 'Теплообменник воздушный', 'Г44-2', 'Ном. расход: 35, 70, 100 л/мин', 'Макс. давление: 0,2 МПа', '', '', '', '', '', '', '', '', '', '', '', '', '', '', '', '', '', '', ''),
(207, 11, 0, 0, 'Теплообменник воздушный', '2Г 44-25', 'Ном. расход: 100 л/мин', 'Макс. давление: 0,2 МПа', '', '', '', '', '', '', '', '', '', '', '', '', '', '', '', '', '', '', ''),
(208, 11, 0, 0, 'Теплообменник воздушный', '1Г 44-25', 'Ном. расход: 100 л/мин', 'Макс. давление: 0,2 МПа', '', '', '', '', '', '', '', '', '', '', '', '', '', '', '', '', '', '', ''),
(209, 11, 0, 0, 'Теплообменник воздушный', 'ВГ 44-25', 'Ном. расход: 100 л/мин', 'Макс. давление: 0,2 МПа', '', '', '', '', '', '', '', '', '', '', '', '', '', '', '', '', '', '', ''),
(210, 10, 0, 0, 'Выравниватель опор', 'ЛЭП Н1.697', 'Макс. давление: 25 МПа', 'Усилие на штоке: 20кН', '', '', '', '', '', '', '', '', '', '', '', '', '', '', '', '', '', '', ''),
(211, 10, 0, 0, 'Гидроустановка для проталкивания труб под дорожным полотном', 'УГПТ-I', 'Номинальное давление в гидросистеме: 25 МПа', 'Номинальная подача насоса: 39 л/мин', 'Ход штока гидроцилиндра: 1500 мм', '', '', '', '', '', '', '', '', '', '', '', '', '', '', '', '', '', ''),
(212, 10, 0, 0, 'Ножницы гидравлические', 'Н1.689', 'Номинальное давление: 100 МПа', 'Рабочий ход ножа: 60мм', '', '', '', '', '', '', '', '', '', '', '', '', '', '', '', '', '', '', ''),
(213, 10, 0, 0, 'Гидрогайковёрт траковый', 'ГСТ 450', 'Ном. крутящий момент: 4300 Нм', 'Ном. перепад давления: 16 МПа', '', '', '', '', '', '', '', '', '', '', '', '', '', '', '', '', '', '', ''),
(214, 10, 0, 0, 'Гидрогайкорез модели', 'ГКР-15/60', 'Размер под ключ: 24 - 32 мм', 'Максимальное усилие резания: 147 КН', '', '', '', '', '', '', '', '', '', '', '', '', '', '', '', '', '', '', ''),
(215, 10, 0, 0, 'Съёмники гидравлические', 'СГ', 'Номинальное давление: 70 МПа', 'Соединение: быстроразъемное', '', '', '', '', '', '', '', '', '', '', '', '', '', '', '', '', '', '', ''),
(216, 10, 0, 0, 'Установка для разрезки гаек', 'С500', 'Размер гаек под ключ: 24 - 32 мм', 'Максимальное усилие резания: 141 кН', '', '', '', '', '', '', '', '', '', '', '', '', '', '', '', '', '', '', ''),
(217, 10, 0, 0, 'Трубогиб гидравлический комплектный', 'ТГ11-70/125', 'Максимальное давление: 70 МПа', 'Максимальный угол изгиба: 90°', '', '', '', '', '', '', '', '', '', '', '', '', '', '', '', '', '', '', ''),
(218, 10, 0, 0, 'Устройство для разгонки фланцев гидравлическое', 'РГ-10', 'Усилие разгонки: 10 т', 'Номинальное давление: 6,3 МПа', '', '', '', '', '', '', '', '', '', '', '', '', '', '', '', '', '', '', ''),
(219, 11, 0, 0, 'Штуцер отбора давления', 'ТКО-1.1.М', '', '', '', '', '', '', '', '', '', '', '', '', '', '', '', '', '', '', '', '', ''),
(220, 11, 0, 0, 'Клапан контроля давления', 'ТКО-1', '', '', '', '', '', '', '', '', '', '', '', '', '', '', '', '', '', '', '', '', ''),
(221, 10, 0, 0, 'Платформа подъемная гидравлическая', 'Н1.717', 'Рабочее давление: 5,1 МПа', 'Рабочий ход гидроцилиндра: 630 мм', '', '', '', '', '', '', '', '', '', '', '', '', '', '', '', '', '', '', ''),
(222, 10, 0, 0, 'Домкрат гидравлический грузоподъемностью 200(100)т', 'ДГС200', 'Грузоподъемность: 2000/1000кН', 'Номинальное давление: 25 МПа', '', '', '', '', '', '', '', '', '', '', '', '', '', '', '', '', '', '', ''),
(223, 10, 0, 0, 'Перфораторы гидропескоструйные', 'ПГС', 'Диам. проходного сечения: 32, 34, 40 мм', '', '', '', '', '', '', '', '', '', '', '', '', '', '', '', '', '', '', '', ''),
(225, 10, 0, 0, 'Резак для тросов и кабелей', 'Н1.682', 'Ном. давление: 100 МПа', 'Рабочий ход ножа: 32 мм', '', '', '', '', '', '', '', '', '', '', '', '', '', '', '', '', '', '', ''),
(226, 10, 0, 0, 'Гидрогайковерт', 'ГВГ.1-420/25', 'Ном. давление: 25 МПа', 'Макс. момент затяжки: 4000 Нм', '', '', '', '', '', '', '', '', '', '', '', '', '', '', '', '', '', '', ''),
(227, 10, 0, 0, 'Станок шлифовально - заточной бытовой', 'СШЗБ', 'Частота вращения шлифовального круга: 1500 об/мин', 'Рабочая скорость абразивной ленты: 3,5 м/сек', '', '', '', '', '', '', '', '', '', '', '', '', '', '', '', '', '', '', ''),
(228, 10, 0, 0, 'Установка для виброабразивной доводки', NULL, 'Изменение шероховатости: 0,63 .. 0,16 мкм', 'Масса детали: до 10 кг', '', '', '', '', '', '', '', '', '', '', '', '', '', '', '', '', '', '', ''),
(229, 10, 0, 0, 'Установка для гидравлических испытаний оборудования и трубопроводов', 'Г544', 'Давление на выходе из насоса: 40 МПа', 'Номинальная подача: 16,7 л/мин', '', '', '', '', '', '', '', '', '', '', '', '', '', '', '', '', '', '', ''),
(230, 10, 0, 0, 'Установка одношпиндельная плоскодоводочная', 'Н1.616', 'Усилие прижима: до 9800 Н', 'Частота вращения шпинделя: 50-200 об/мин', '', '', '', '', '', '', '', '', '', '', '', '', '', '', '', '', '', '', ''),
(231, 10, 0, 0, 'Установка для притупления острых кромок', 'Н1.237', '', '', '', '', '', '', '', '', '', '', '', '', '', '', '', '', '', '', '', '', ''),
(232, 10, 0, 0, 'Машина моечная', 'Н833', 'Ёмкость ванны: 200л', '', '', '', '', '', '', '', '', '', '', '', '', '', '', '', '', '', '', '', ''),
(233, 10, 0, 0, 'Установка моечная', 'Н1.731', 'Объем моющего раствора: 300 л', 'Производительность насоса: 50 л/мин', '', '', '', '', '', '', '', '', '', '', '', '', '', '', '', '', '', '', '');
INSERT INTO `contdata` (`id`, `parent_id`, `sort_id`, `is_group`, `title`, `model`, `line1`, `line2`, `line3`, `line4`, `line5`, `line6`, `line7`, `line8`, `line9`, `line10`, `url`, `url1`, `url2`, `url3`, `url4`, `url5`, `url6`, `url7`, `url8`, `url9`, `url10`) VALUES
(234, 10, 0, 0, 'Пресс гидравлический', NULL, 'Усилие прижима: до 2000 кН', 'Управление: ручное/автоматическое', '', '', '', '', '', '', '', '', '', '', '', '', '', '', '', '', '', '', ''),
(235, 10, 0, 0, 'Пресс для разборки и сборки траков гусениц', 'Н1.809', 'Ном. давление масла в гидросистеме: 70 МПа', 'Усилие пресса при ном.давлении: 1962 кН', '', '', '', '', '', '', '', '', '', '', '', '', '', '', '', '', '', '', ''),
(236, 10, 0, 0, 'Cматыватель кабелей навесной гидравлический', 'Н1.694', 'Ном. давление: 16 МПа', 'Макс. крутящий момент: 600 Нм', '', '', '', '', '', '', '', '', '', '', '', '', '', '', '', '', '', '', ''),
(237, 15, 0, 0, 'Стенд для испытания гидрооборудования сельхоз машин и фильтрации масла Г477', '', 'Ном. давление стенда: 20 МПа', 'Вместимость гидробака: 470 дм^3', '', '', '', '', '', '', '', '', '', '', '', '', '', '', '', '', '', '', ''),
(239, 15, 0, 0, 'Стенд для испытания гидроаппаратуры Г600', '', 'Ном. давление стенда: 25 МПа', 'Вместимость гидробака: 230 дм^3', '', '', '', '', '', '', '', '', '', '', '', '', '', '', '', '', '', '', ''),
(240, 15, 0, 0, 'Стенд для испытания гидроаппаратуры Г473', '', 'Ном. давление стенда: 32 МПа', 'Вместимость гидробака: 180 дм^3', '', '', '', '', '', '', '', '', '', '', '', '', '', '', '', '', '', '', ''),
(241, 15, 0, 0, 'Стенд для испытания и настройки предохранительных клапанов, арматуры и резинотканевых рукавов Г753', '', 'Номинальное давление насоса: 2.5 МПа', 'Объем бака: до 80л', '', '', '', '', '', '', '', '', '', '', '', '', '', '', '', '', '', '', ''),
(242, 15, 0, 0, 'Стенд для испытания предохранительных клапанов Г705', '', 'Номинальное давление насоса: 2.5 МПа', 'Объем бака: 90л', '', '', '', '', '', '', '', '', '', '', '', '', '', '', '', '', '', '', ''),
(243, 15, 0, 0, 'Стенд для испытания цилиндров мод. Г645', '', 'Рабочее давление в системе: 3 МПа', 'Вместимость гидробака: 150л', '', '', '', '', '', '', '', '', '', '', '', '', '', '', '', '', '', '', ''),
(244, 15, 0, 0, 'Стенд для испытания цилиндров мод. Г662', '', 'Максимальное давление в системе: 24 МПа', 'Вместимость гидробака: 280л', '', '', '', '', '', '', '', '', '', '', '', '', '', '', '', '', '', '', ''),
(245, 12, 0, 0, 'Стенд испытательный тяг на разрыв', 'Г677', '', '', '', '', '', '', '', '', '', '', '', '', '', '', '', '', '', '', '', '', ''),
(246, 12, 0, 0, 'Стенд испытательный контроля качества авторежимов', 'СИА1.АР', '', '', '', '', '', '', '', '', '', '', '', '', '', '', '', '', '', '', '', '', ''),
(247, 12, 0, 0, 'Стенд испытательный контроля качества авторежимов', 'СИА2.АР', '', '', '', '', '', '', '', '', '', '', '', '', '', '', '', '', '', '', '', '', ''),
(248, 12, 0, 0, 'Стенд испытательный контроля качества грузовых воздухораспределителей', 'СИА1.ВР', '', '', '', '', '', '', '', '', '', '', '', '', '', '', '', '', '', '', '', '', ''),
(249, 12, 0, 0, 'Стенд испытательный контроля качества грузовых воздухораспределителей', 'СИА1.ВР.01', '', '', '', '', '', '', '', '', '', '', '', '', '', '', '', '', '', '', '', '', ''),
(251, 12, 0, 0, 'Стенд испытательный ремонтный магистральных частей воздухораспределителей грузовых вагонов', 'СИП1.МВР', '', '', '', '', '', '', '', '', '', '', '', '', '', '', '', '', '', '', '', '', ''),
(252, 12, 0, 0, 'Стенд испытательный контроля качества пассажирских воздухораспределителей', 'СИА1.РП', '', '', '', '', '', '', '', '', '', '', '', '', '', '', '', '', '', '', '', '', ''),
(253, 12, 0, 0, 'Стенд испытательный топливоподкачивающих насосов', 'СИА1.ТН', '', '', '', '', '', '', '', '', '', '', '', '', '', '', '', '', '', '', '', '', ''),
(254, 12, 0, 0, 'Стенд испытательный топливных насосов высокого давления дизелей 5Д49', 'СИА1.ТНВД.Д49', '', '', '', '', '', '', '', '', '', '', '', '', '', '', '', '', '', '', '', '', ''),
(255, 12, 0, 0, 'Стенд испытательный топливных насосов высокого давления дизельных двигателей тепловозов ТЭМ', 'СИА1.ТНВД.ТЭМ', '', '', '', '', '', '', '', '', '', '', '', '', '', '', '', '', '', '', '', '', ''),
(256, 12, 0, 0, 'Стенд испытательный топливных насосов высокого давления дизельных двигателей тепловозов ЧМЭ3', 'СИА1.ТНВД.ЧМЭ3', '', '', '', '', '', '', '', '', '', '', '', '', '', '', '', '', '', '', '', '', ''),
(257, 12, 0, 0, 'Стенд испытательный регуляторов тормозной рычажной передачи', 'СИА1.ТРП', '', '', '', '', '', '', '', '', '', '', '', '', '', '', '', '', '', '', '', '', ''),
(258, 12, 0, 0, 'Стенд испытательный и ремонтный тормозных цилиндров', 'СИА1.ТЦ', '', '', '', '', '', '', '', '', '', '', '', '', '', '', '', '', '', '', '', '', ''),
(259, 12, 0, 0, 'Стенд испытательный контроля качества тормозных цилиндров', 'СИА2.ТЦ', '', '', '', '', '', '', '', '', '', '', '', '', '', '', '', '', '', '', '', '', ''),
(260, 12, 0, 0, 'Стенд испытательный и ремонтный тормозных цилиндров', 'СИА3.ТЦ', '', '', '', '', '', '', '', '', '', '', '', '', '', '', '', '', '', '', '', '', ''),
(261, 12, 0, 0, 'Стенд испытательный электропневматических аппаратов тепловозов', 'СИА1.ЭП', '', '', '', '', '', '', '', '', '', '', '', '', '', '', '', '', '', '', '', '', ''),
(262, 12, 0, 0, 'Стенд испытательный тормозных рукавов', 'СИА2.ТР', '', '', '', '', '', '', '', '', '', '', '', '', '', '', '', '', '', '', '', '', ''),
(263, 12, 0, 0, 'Стенд испытательный тормозных рукавов', 'СИА3.ТР', '', '', '', '', '', '', '', '', '', '', '', '', '', '', '', '', '', '', '', '', ''),
(264, 12, 0, 0, 'Стенд испытательный тормозной системы вагона', 'СИА2.ТС', '', '', '', '', '', '', '', '', '', '', '', '', '', '', '', '', '', '', '', '', ''),
(265, 12, 0, 0, 'Стенд испытательный и ремонтный тормозных рукавов снегоочистителей', 'СИТ1.РТС', '', '', '', '', '', '', '', '', '', '', '', '', '', '', '', '', '', '', '', '', ''),
(266, 12, 0, 0, 'Установка импульсная', 'СИЭ1.ИУ', '', '', '', '', '', '', '', '', '', '', '', '', '', '', '', '', '', '', '', '', ''),
(267, 12, 0, 0, 'Установка импульсная', 'СИЭ2.ИУ', '', '', '', '', '', '', '', '', '', '', '', '', '', '', '', '', '', '', '', '', ''),
(268, 12, 0, 0, 'Стенд для испытания тормозных устройств', 'СИА1.ТУ', '', '', '', '', '', '', '', '', '', '', '', '', '', '', '', '', '', '', '', '', ''),
(269, 12, 0, 0, 'Стенд испытательный и ремонтный запасных резервуаров', 'СИА1.ЗР', '', '', '', '', '', '', '', '', '', '', '', '', '', '', '', '', '', '', '', '', ''),
(270, 12, 0, 0, 'Стенд испытательный и ремонтный запасных резервуаров', 'СИА3.ЗР', '', '', '', '', '', '', '', '', '', '', '', '', '', '', '', '', '', '', '', '', ''),
(271, 12, 0, 0, 'Стенд испытательный и ремонтный концевых кранов', 'СИА1.КК', '', '', '', '', '', '', '', '', '', '', '', '', '', '', '', '', '', '', '', '', ''),
(272, 12, 0, 0, 'Стенд испытательный и ремонтный тормозных рукавов', 'СИА4.ТР', '', '', '', '', '', '', '', '', '', '', '', '', '', '', '', '', '', '', '', '', ''),
(273, 12, 0, 0, 'Стенд испытательный и ремонтный тормозных рукавов', 'СИА4.ТР.1', '', '', '', '', '', '', '', '', '', '', '', '', '', '', '', '', '', '', '', '', ''),
(274, 12, 0, 0, 'Стенд испытательный и ремонтный тормозных рукавов', 'СИА5.ТР', '', '', '', '', '', '', '', '', '', '', '', '', '', '', '', '', '', '', '', '', ''),
(275, 12, 0, 0, 'Стенд испытательный и ремонтный тормозных рукавов', 'СИА5.ТР.М', '', '', '', '', '', '', '', '', '', '', '', '', '', '', '', '', '', '', '', '', ''),
(276, 12, 0, 0, 'Стенд для испытания пружин', 'СИП1.П', '', '', '', '', '', '', '', '', '', '', '', '', '', '', '', '', '', '', '', '', ''),
(277, 12, 0, 0, 'Стенд испытательный ремонтный (стол) для главных частей воздухораспределителей грузовых вагонов', 'СИП1.ВР', '', '', '', '', '', '', '', '', '', '', '', '', '', '', '', '', '', '', '', '', ''),
(278, 12, 0, 0, 'Стенд для испытания винтовой упряжи', 'Г667', '', '', '', '', '', '', '', '', '', '', '', '', '', '', '', '', '', '', '', '', ''),
(279, 12, 0, 0, 'Стенд для испытания форсунок', 'СИА1.ТФ', '', '', '', '', '', '', '', '', '', '', '', '', '', '', '', '', '', '', '', '', ''),
(280, 12, 0, 0, 'Стенд для испытания автотормозов', 'СИА1.ТК', '', '', '', '', '', '', '', '', '', '', '', '', '', '', '', '', '', '', '', '', ''),
(281, 12, 0, 0, 'Стенд испытательный воздухораспределителей и авторежимов', 'СИА1.ТК.ВР', '', '', '', '', '', '', '', '', '', '', '', '', '', '', '', '', '', '', '', '', ''),
(282, 12, 0, 0, 'Стенд для испытания гидравлических гасителей колебаний (амортизаторов, демпферов)', 'СИА1.ГК', '', '', '', '', '', '', '', '', '', '', '', '', '', '', '', '', '', '', '', '', ''),
(283, 12, 0, 0, 'Стенд испытательный и ремонтный тормозных рукавов', 'СИА4.ТР.М', '', '', '', '', '', '', '', '', '', '', '', '', '', '', '', '', '', '', '', '', ''),
(284, 12, 0, 0, 'Стенд для испытания цилиндрических винтовых пружин рессорного подвешивания', 'СИП1.ПЭТ', '', '', '', '', '', '', '', '', '', '', '', '', '', '', '', '', '', '', '', '', ''),
(285, 12, 0, 0, 'Стенд для поверки локомотивных скоростемеров', 'СИП1.СЛ', '', '', '', '', '', '', '', '', '', '', '', '', '', '', '', '', '', '', '', '', ''),
(286, 12, 0, 0, 'Стенд испытательный для проверки межтепловозных соединений', 'СИЭ1.ЭС', '', '', '', '', '', '', '', '', '', '', '', '', '', '', '', '', '', '', '', '', ''),
(287, 12, 0, 0, 'Стенд вибрационный', 'СИЭ1.ВС', '', '', '', '', '', '', '', '', '', '', '', '', '', '', '', '', '', '', '', '', ''),
(288, 12, 0, 0, 'Стенд для испытания и проверки преобразователей тиристорных ПТ-ЭПТ и блоков управления БУ-ЭПТ', 'СИЭ1.ТП', '', '', '', '', '', '', '', '', '', '', '', '', '', '', '', '', '', '', '', '', ''),
(289, 12, 0, 0, 'Стенд для испытания электропневматического клапана ЭПК-150', 'СИЭ1.ЭПК', '', '', '', '', '', '', '', '', '', '', '', '', '', '', '', '', '', '', '', '', ''),
(290, 12, 0, 0, 'Стенд для проверки блоков предварительной световой сигнализации АЛСН', 'СИЭ1.ПСС', '', '', '', '', '', '', '', '', '', '', '', '', '', '', '', '', '', '', '', '', ''),
(291, 12, 0, 0, 'Стенд для проверки, настройки и регулировки устройств контроля бдительности машиниста', 'СИЭ1.УКБМ', '', '', '', '', '', '', '', '', '', '', '', '', '', '', '', '', '', '', '', '', ''),
(292, 12, 0, 0, 'Стенд испытательный для проверки ламп повышенным напряжением', 'СИЭ1.ЛПН', '', '', '', '', '', '', '', '', '', '', '', '', '', '', '', '', '', '', '', '', ''),
(293, 12, 0, 0, 'Стенд для испытаний воздушных резервуаров тепловозов', 'Г575', '', '', '', '', '', '', '', '', '', '', '', '', '', '', '', '', '', '', '', '', ''),
(294, 12, 0, 0, 'Стенд для испытаний воздушных резервуаров тепловозов', 'Г575М1', '', '', '', '', '', '', '', '', '', '', '', '', '', '', '', '', '', '', '', '', ''),
(295, 12, 0, 0, 'Стенд испытательный автоматизированный для листовых рессор локомотивов', 'Г682', '', '', '', '', '', '', '', '', '', '', '', '', '', '', '', '', '', '', '', '', ''),
(296, 12, 0, 0, 'Стенд испытательный топливных насосов высокого давления', 'СИА1.ТНВД.Д49/50', '', '', '', '', '', '', '', '', '', '', '', '', '', '', '', '', '', '', '', '', ''),
(297, 12, 0, 0, 'Стенд для испытания плунжерных пар на гидравлическую плотность', 'СИА1.ПП', '', '', '', '', '', '', '', '', '', '', '', '', '', '', '', '', '', '', '', '', ''),
(298, 12, 0, 0, 'Стенд для регулирования регуляторов частоты вращения дизеля ЧМЭ3', 'СИП1.РС', '', '', '', '', '', '', '', '', '', '', '', '', '', '', '', '', '', '', '', '', ''),
(299, 12, 0, 0, 'Стенд для регулирования регуляторов частоты оборотов дизеля тепловоза ТЭП-70', 'СИП2.РС', '', '', '', '', '', '', '', '', '', '', '', '', '', '', '', '', '', '', '', '', ''),
(300, 12, 0, 0, 'Установка для поверки электроманометров и электротермометров', 'Н1.808', '', '', '', '', '', '', '', '', '', '', '', '', '', '', '', '', '', '', '', '', ''),
(301, 15, 0, 0, 'Стенд для испытания шестерённых насосов Г683', '', 'Ном. рабочее давление в системе: 16 МПа', 'Ёмкость гидробака: 400 дм^3', '', '', '', '', '', '', '', '', '', '', '', '', '', '', '', '', '', '', ''),
(302, 15, 0, 0, 'Стенд для испытания грузозахватных приспособлений мод. Г406', '', 'Грузоподъемность стропов: от 0.5 до 4.0 т', 'Номинальное давление: 10 МПа', '', '', '', '', '', '', '', '', '', '', '', '', '', '', '', '', '', '', ''),
(304, 15, 0, 0, 'Стенд для выравнивания штанг насосных Г537', '', 'Ном. усилие : 400 кН', 'Ном. производительность насоса 5.5 л/мин', 'Ход штока цилиндра: 500 мм', 'Ном. давление: 26 МПа', '', '', '', '', '', '', '', '', '', '', '', '', '', '', '', '', ''),
(305, 15, 0, 0, 'Стенд для испытания задвижек Г503', '', 'Макс. давление масла в гидросистеме: 21 МПа', 'Макс. давление воды при испытании задвижки: 105 МПа', '', '', '', '', '', '', '', '', '', '', '', '', '', '', '', '', '', '', ''),
(306, 15, 0, 0, 'Стенд для испытания элеваторов Г504', '', 'Макс. давление масла: 30,6 МПа', 'Вместимость гидробака: 110 л', '', '', '', '', '', '', '', '', '', '', '', '', '', '', '', '', '', '', ''),
(307, 15, 0, 0, 'Стенд для испытания противовыбросового оборудования мод. Г574', '', 'Макс. давление масла в гидроцилиндре зажима: 27.5 МПа', 'Диапазон рабочего давления: от 4.0 до 24.5 МПа', 'Усилие на штоке при макс. давлении: 2800 кН', '', '', '', '', '', '', '', '', '', '', '', '', '', '', '', '', '', ''),
(308, 15, 0, 0, 'Стенд для испытания и регулировки форсунок мод. СИА2.ФС', '', 'Диапазон измерения давления: от 0 до 60 МПа', 'Диапазон воспроизведения давления: от 0 до 40 МПа', 'Емкость для топлива: 2 л', '', '', '', '', '', '', '', '', '', '', '', '', '', '', '', '', '', ''),
(309, 15, 0, 0, 'Стенд для испытания топливных насосов высокого давления модели СИА2.ТНВД', '', 'Кол-во одновр. испытываемых линий: до 12', 'Вместимость гидробака топлива: 75 л', 'Вместимость гидробака масла: 15 л', '', '', '', '', '', '', '', '', '', '', '', '', '', '', '', '', '', ''),
(310, 15, 0, 0, 'Стенд для испытания грузовых стропов на прочность мод. Г644', '', 'Грузоподъемность стропов: от 0.4 до 20.0 т', 'Максимальное давление 17.4 МПа', '', '', '', '', '', '', '', '', '', '', '', '', '', '', '', '', '', '', ''),
(311, 12, 0, 0, 'Стенд для испытания электрических аппаратов тепловозов и дизель-поездов', 'СИЭ1.ЭА', '', '', '', '', '', '', '', '', '', '', '', '', '', '', '', '', '', '', '', '', ''),
(312, 15, 0, 0, 'Стенд для испытания гидроаппаратуры', 'Г605', '', '', '', '', '', '', '', '', '', '', '', '', '', '', '', '', '', '', '', '', ''),
(313, 15, 0, 0, 'Стенд для испытания гидромашин', 'Г626', '', '', '', '', '', '', '', '', '', '', '', '', '', '', '', '', '', '', '', '', ''),
(314, 14, 0, 0, 'Гидростанция передвижная', 'Г580-ГС', '', '', '', '', '', '', '', '', '', '', '', '', '', '', '', '', '', '', '', '', ''),
(315, 14, 0, 0, 'Гидростанция передвижная', 'Г580М-ГС', '', '', '', '', '', '', '', '', '', '', '', '', '', '', '', '', '', '', '', '', ''),
(316, 14, 0, 0, 'Гидростанция', 'С112-РП', '', '', '', '', '', '', '', '', '', '', '', '', '', '', '', '', '', '', '', '', ''),
(317, 14, 0, 0, 'Стенд поворотный для разборки двигателей Д 240, Д 260', 'Н1.791', '', '', '', '', '', '', '', '', '', '', '', '', '', '', '', '', '', '', '', '', ''),
(318, 14, 0, 0, 'Стенд для опрессовки втулок цилиндров дизелей', 'СИА1.ВЦ', '', '', '', '', '', '', '', '', '', '', '', '', '', '', '', '', '', '', '', '', ''),
(319, 14, 0, 0, 'Стол для очистки воздушного фильтра 145.02', 'Н1.826', '', '', '', '', '', '', '', '', '', '', '', '', '', '', '', '', '', '', '', '', ''),
(320, 14, 0, 0, 'Установка для монтажа/демонтажа корпусов букс и кассетных подшипников колесных пар', 'Н1.963.УМД', '', '', '', '', '', '', '', '', '', '', '', '', '', '', '', '', '', '', '', '', ''),
(321, 14, 0, 0, 'Кантователь опоры', 'Н1.795', '', '', '', '', '', '', '', '', '', '', '', '', '', '', '', '', '', '', '', '', ''),
(322, 14, 0, 0, 'Кантователь опоры подшипников', 'Н1.794', '', '', '', '', '', '', '', '', '', '', '', '', '', '', '', '', '', '', '', '', ''),
(323, 14, 0, 0, 'Кантователь рамы тележки тепловоза', 'Н1.807', '', '', '', '', '', '', '', '', '', '', '', '', '', '', '', '', '', '', '', '', ''),
(324, 14, 0, 0, 'Пресс гидравлический', 'Н1.793', '', '', '', '', '', '', '', '', '', '', '', '', '', '', '', '', '', '', '', '', ''),
(325, 14, 0, 0, 'Пресс гидравлический', 'Н1.804', '', '', '', '', '', '', '', '', '', '', '', '', '', '', '', '', '', '', '', '', ''),
(326, 14, 0, 0, 'Пресс гидравлический 20т', 'Н1.805', '', '', '', '', '', '', '', '', '', '', '', '', '', '', '', '', '', '', '', '', ''),
(327, 14, 0, 0, 'Пресс гидравлический 27т', 'Н1.824', '', '', '', '', '', '', '', '', '', '', '', '', '', '', '', '', '', '', '', '', ''),
(328, 14, 0, 0, 'Пресс гидравлический 35т', 'Н1.806', '', '', '', '', '', '', '', '', '', '', '', '', '', '', '', '', '', '', '', '', ''),
(329, 14, 0, 0, 'Пресс для сборки и разборки листовых рессор локомотивов', 'Н1.829', '', '', '', '', '', '', '', '', '', '', '', '', '', '', '', '', '', '', '', '', ''),
(330, 14, 0, 0, 'Пресс ремонтный гидравлический 100т', 'Н1.741Д', '', '', '', '', '', '', '', '', '', '', '', '', '', '', '', '', '', '', '', '', ''),
(331, 14, 0, 0, 'Стол для ремонта и предварительных испытаний автоматических регуляторов режимов торможения', 'Н1.841', '', '', '', '', '', '', '', '', '', '', '', '', '', '', '', '', '', '', '', '', ''),
(332, 14, 0, 0, 'Стол для ремонта и промежуточных испытаний деталей и узлов крана машиниста', 'Н1.839', '', '', '', '', '', '', '', '', '', '', '', '', '', '', '', '', '', '', '', '', ''),
(333, 14, 0, 0, 'Стол для ремонта резинометаллических клапанов', 'Н1.827', '', '', '', '', '', '', '', '', '', '', '', '', '', '', '', '', '', '', '', '', ''),
(334, 14, 0, 0, 'Стол ремонтный', 'СИА1.ТРП.00.030', '', '', '', '', '', '', '', '', '', '', '', '', '', '', '', '', '', '', '', '', ''),
(335, 14, 0, 0, 'Съемник гидравлический комплектный для демонтажа деталей колесной пары ТЭП 75.31.15', 'СГС35-80/70', '', '', '', '', '', '', '', '', '', '', '', '', '', '', '', '', '', '', '', '', ''),
(336, 14, 0, 0, 'Трубогиб гидравлический', 'Н1.ТГН', '', '', '', '', '', '', '', '', '', '', '', '', '', '', '', '', '', '', '', '', ''),
(337, 14, 0, 0, 'Установка для клепки фрикционных планок', 'УКФП-1', '', '', '', '', '', '', '', '', '', '', '', '', '', '', '', '', '', '', '', '', ''),
(338, 14, 0, 0, 'Установка для пайки охлаждающего элемента теплообменника', 'Н1.828', '', '', '', '', '', '', '', '', '', '', '', '', '', '', '', '', '', '', '', '', ''),
(339, 14, 0, 0, 'Установка для проворота вала дизеля', 'Н1.797', '', '', '', '', '', '', '', '', '', '', '', '', '', '', '', '', '', '', '', '', ''),
(340, 14, 0, 0, 'Установка для сборки зубчатого колеса и ступицы', 'Н1.803', '', '', '', '', '', '', '', '', '', '', '', '', '', '', '', '', '', '', '', '', ''),
(341, 14, 0, 0, 'Установка для снятия и постановки поглощающих аппаратов', 'Н1.823', '', '', '', '', '', '', '', '', '', '', '', '', '', '', '', '', '', '', '', '', ''),
(342, 14, 0, 0, 'Установка для съема буксовых подшипников', 'Н1.854', '', '', '', '', '', '', '', '', '', '', '', '', '', '', '', '', '', '', '', '', ''),
(343, 14, 0, 0, 'Установка для разборки и сборки поглощающих аппаратов', 'Н1.868', '', '', '', '', '', '', '', '', '', '', '', '', '', '', '', '', '', '', '', '', ''),
(344, 17, 0, 0, 'Бачок переносной для заливки кислотного электролита в аккумуляторные батареи', 'Н1.912.Е203-00.000', '', '', '', '', '', '', '', '', '', '', '', '', '', '', '', '', '', '', '', '', ''),
(345, 17, 0, 0, 'Барабан кабельный', 'Н1.869.У45', 'Предназначен для ввода на пониженном напряжении локомотивов в здание для ремонта', '', '', '', '', '', '', '', '', '', '', '', '', '', '', '', '', '', '', '', ''),
(346, 17, 0, 0, 'Ванна для мойки и сушки деталей', 'Н1.870.К5', '', '', '', '', '', '', '', '', '', '', '', '', '', '', '', '', '', '', '', '', ''),
(347, 17, 0, 0, 'Верстак для разборки и сборки форсунок', 'Н1.871.И109', '', '', '', '', '', '', '', '', '', '', '', '', '', '', '', '', '', '', '', '', ''),
(348, 17, 0, 0, 'Камера для обдувки деталей', 'Н1.872.К20', '', '', '', '', '', '', '', '', '', '', '', '', '', '', '', '', '', '', '', '', ''),
(349, 17, 0, 0, 'Ванна для дистиллированной воды', 'Н1.873.Е26', '', '', '', '', '', '', '', '', '', '', '', '', '', '', '', '', '', '', '', '', ''),
(350, 17, 0, 0, 'Бачок для содового раствора', 'Н1.874.Е122', '', '', '', '', '', '', '', '', '', '', '', '', '', '', '', '', '', '', '', '', ''),
(351, 17, 0, 0, 'Стеллаж для кассет воздушных фильтров', 'Н1.875.И116', '', '', '', '', '', '', '', '', '', '', '', '', '', '', '', '', '', '', '', '', ''),
(352, 17, 0, 0, 'Ванна для промасливания кассет воздушных фильтров', 'Н1.876.Е186', 'Предназначена для достижения максимальной эффективности работы воздушных фильтров тепловозов', '', '', '', '', '', '', '', '', '', '', '', '', '', '', '', '', '', '', '', ''),
(353, 17, 0, 0, 'Стол сварщика со встроенным вентилятором', 'Н1.877.БП109', 'Предназначен для удаления сварочных аэрозолей из зоны сварки при проведении сварочных работ на столе', '', '', '', '', '', '', '', '', '', '', '', '', '', '', '', '', '', '', '', ''),
(354, 17, 0, 0, 'Рукав для слива отработанного масла', 'Н1.879.В25', '', '', '', '', '', '', '', '', '', '', '', '', '', '', '', '', '', '', '', '', ''),
(355, 17, 0, 0, 'Рама под баки для масла', 'Н1.880.И95', '', '', '', '', '', '', '', '', '', '', '', '', '', '', '', '', '', '', '', '', ''),
(356, 17, 0, 0, 'Рама под баки для воды', 'Н1.881.И96', 'Предназначена приготовления воды в баках объемом 180 л', '', '', '', '', '', '', '', '', '', '', '', '', '', '', '', '', '', '', '', ''),
(357, 17, 0, 0, 'Ванна для дистиллированной воды', 'Н1.882.БП382', '', '', '', '', '', '', '', '', '', '', '', '', '', '', '', '', '', '', '', '', ''),
(358, 17, 0, 0, 'Стеллаж–рольганг для аккумуляторных батарей', 'Н1.883.U117', '', '', '', '', '', '', '', '', '', '', '', '', '', '', '', '', '', '', '', '', ''),
(359, 17, 0, 0, 'Ванна для промывки и прополаскивания воздушных фильтров', 'Н1.884.Е185', '', '', '', '', '', '', '', '', '', '', '', '', '', '', '', '', '', '', '', '', ''),
(360, 17, 0, 0, 'Камера просушки кассет фильтров для тепловозов ТЭМ18', 'Н1.889.К4', '', '', '', '', '', '', '', '', '', '', '', '', '', '', '', '', '', '', '', '', ''),
(361, 17, 0, 0, 'Фильтр для воды', 'Н1.890.Р11', 'Предназначен для очистки воды, подающейся на экипировку тепловозов', '', '', '', '', '', '', '', '', '', '', '', '', '', '', '', '', '', '', '', ''),
(362, 17, 0, 0, 'Колонка для воды', 'Н1.891.Р18', 'Предназначена для заправки тепловозов охлаждающей водой', '', '', '', '', '', '', '', '', '', '', '', '', '', '', '', '', '', '', '', ''),
(363, 17, 0, 0, 'Ванна для приготовления электролита', 'Н1.892.БП381', 'Предназначена для электролита, используемого в аккумуляторных батарях типа 32ТН450', '', '', '', '', '', '', '', '', '', '', '', '', '', '', '', '', '', '', '', ''),
(364, 17, 0, 0, 'Бак для приготовления охлаждающей воды', 'Н1.893.Е297', '', '', '', '', '', '', '', '', '', '', '', '', '', '', '', '', '', '', '', '', ''),
(365, 17, 0, 0, 'Бак для масла', 'Н1.895.Е28', '', '', '', '', '', '', '', '', '', '', '', '', '', '', '', '', '', '', '', '', ''),
(366, 17, 0, 0, 'Бак для приготовления воды', 'Н1.896.Е27', '', '', '', '', '', '', '', '', '', '', '', '', '', '', '', '', '', '', '', '', ''),
(367, 17, 0, 0, 'Бадья для песка', 'Н1.897.Р10', '', '', '', '', '', '', '', '', '', '', '', '', '', '', '', '', '', '', '', '', ''),
(368, 17, 0, 0, 'Фильтр', 'Н1.898.Р120', '', '', '', '', '', '', '', '', '', '', '', '', '', '', '', '', '', '', '', '', ''),
(369, 17, 0, 0, 'Воронка разгрузочная', 'Н1.899.Р20', 'Предназначена для разгрузки песка', '', '', '', '', '', '', '', '', '', '', '', '', '', '', '', '', '', '', '', ''),
(370, 5, 0, 0, 'Гидроклапаны предохранительные стыкового монтажа', 'МКПВ-*/3C', 'условный проход: 10,20,32 мм', 'номинальное давление: 32 МПа', 'максимальный расход: 200, 450, 750 л/мин', 'монтаж: стыковый', '', '', '', '', '', '', '', '', '', '', '', '', '', '', '', '', ''),
(372, -1, 1, 1, 'О нас', NULL, NULL, NULL, NULL, NULL, NULL, '', '', '', '', '', '', '', '', '', '', '', '', '', '', '', ''),
(373, -1, 2, 1, 'Продукция', NULL, NULL, NULL, NULL, NULL, NULL, '', '', '', '', '', '', '', '', '', '', '', '', '', '', '', ''),
(374, -1, 3, 1, 'Информация', NULL, NULL, NULL, NULL, NULL, NULL, '', '', '', '', '', '', '', '', '', '', '', '', '', '', '', ''),
(375, -1, 4, 1, 'Партнеры', NULL, NULL, NULL, NULL, NULL, NULL, '', '', '', '', '', '', '', '', '', '', '', '', '', '', '', ''),
(376, -1, 5, 1, 'Контакты', NULL, NULL, NULL, NULL, NULL, NULL, '', '', '', '', '', '', '', '', '', '', '', '', '', '', '', ''),
(377, 372, 1, 0, 'ОАО «ГСКТБ ГА»', NULL, 'Наше предприятие основано в 1977 году и на сегодняшний день является одной из ведущих проектных организаций в СНГ в области гидравлических и пневматических систем и их компонентов. Мы осуществляем проектирование и изготовление мелкосерийной, а также уникальной единичной продукции в соответствии с требованиями заказчика.', NULL, NULL, NULL, NULL, '', '', '', '', '', '', '', '', '', '', '', '', '', '', '', ''),
(378, 372, 2, 0, 'Наша продукция', NULL, '- гидростанции;\r\n- насосы;\r\n- гидроаппаратура (распределители, клапаны, - гидрозамки, дроссели, регуляторы расхода) с пропорциональным и дискретным управлением;\r\n- гидропанели и гидроблоки;\r\n- электронные блоки управления;\r\n- технологическое и нестандартное оборудование;\r\n- испытательное оборудование (стенды);\r\n- электронно-гидравлические системы управления.\r\n', NULL, NULL, NULL, NULL, '', '', '', '', '', '', '', '', '', '', '', '', '', '', '', ''),
(379, 372, 3, 0, 'Предлагаем услуги', NULL, '- разработка конструкторской документации;\r\n- аудит технологических объектов, в том числе подготовка ТЗ;\r\n- диагностика эксплуатируемого гидравлического (пневматического) оборудования с выдачей рекомендаций;\r\n- подбор аналогов, замена гидрооборудования импортного и отечественного изготовления (см. перечень);\r\n- ремонт, восстановление, постгарантийное обслуживание, в том числе собственной продукции, независимо от срока эксплуатации;\r\n- металлообработка (токарная, фрезерная, шлифовальная) на станках с программным управлением;\r\n- обработка корпусных деталей на обрабатывающих центрах;\r\n- выполнение каркасно-сварочных работ.', NULL, NULL, NULL, NULL, '', '', '', '', '', '', '', '', '', '', '', '', '', '', '', ''),
(380, 372, 4, 0, 'Область применения', NULL, '- металлообрабатывающая, нефтегазодобывающая, горнодобывающая, энергетическая отрасли;\r\n- дорожно-строительная, коммунальная, сельскохозяйственная, лесная, военная, прочая стационарная или мобильная техника;\r\n- хозяйства железнодорожных депо.\r\n', NULL, NULL, NULL, NULL, '', '', '', '', '', '', '', '', '', '', '', '', '', '', '', '');

-- --------------------------------------------------------

--
-- Структура таблицы `products`
--

CREATE TABLE `products` (
  `id` int(11) NOT NULL,
  `group_id` int(11) DEFAULT NULL,
  `sort_id` int(11) DEFAULT NULL,
  `description` varchar(255) DEFAULT NULL,
  `model` varchar(50) DEFAULT NULL,
  `param1` varchar(100) DEFAULT NULL,
  `param2` varchar(100) DEFAULT NULL,
  `param3` varchar(100) DEFAULT NULL,
  `param4` varchar(100) DEFAULT NULL,
  `param5` varchar(100) DEFAULT NULL,
  `file_name` varchar(100) DEFAULT NULL
) ENGINE=InnoDB DEFAULT CHARSET=utf8 ROW_FORMAT=COMPACT;

--
-- Дамп данных таблицы `products`
--

INSERT INTO `products` (`id`, `group_id`, `sort_id`, `description`, `model`, `param1`, `param2`, `param3`, `param4`, `param5`, `file_name`) VALUES
(1, 1, 0, 'ЭГСУ запуска газовой турбины', 'С107-ГТУ', 'номинальная подача насоса: 600 л/мин', 'номинальное давление: 29,5 МПа', NULL, NULL, NULL, 'S107'),
(2, 1, 0, 'ЭГСУ запуска газовой турбины', 'С107-ГТУ.1', 'номинальная подача насоса: 190 л/мин', 'номинальное давление: 32 МПа', NULL, NULL, NULL, 'S107'),
(3, 2, 2, 'Распределители гидравлические секционные', 'РАМ-8/3', 'условный проход: 8 мм', 'номинальное давление: 32 МПа', 'максимальный расход 40 л/мин', 'функция адаптации к нагрузке', NULL, NULL),
(4, 2, 4, 'Распределители гидравлические секционные', 'РАМ-12/3', 'условный проход 12 мм', 'номинальное давление 32 МПа', 'максимальный расход 100 л/мин', 'функция адаптации к нагрузке', NULL, NULL),
(5, 2, 5, 'Распределители гидравлические секционные', 'РАМ-20/3', 'условный проход 20 мм', 'номинальное давление 32 МПа', 'максимальный расход 250 л/мин', 'функция адаптации к нагрузке', NULL, NULL),
(6, 2, 1, 'Распределители гидравлические секционные', 'РАМ-6/3', 'условный проход 6 мм', 'номинальное давление 32 МПа', 'максимальный расход 30 л/мин', 'функция адаптации к нагрузке', NULL, NULL),
(7, 2, 3, 'Распределители гидравлические секционные', 'РСЭА-10/3.14', 'условный проход 10 мм', 'номинальное давление 10 МПа', 'максимальный расход 50 л/мин', 'функция адаптации к нагрузке', NULL, NULL),
(8, 2, 3, 'Распределители гидравлические секционные', 'РСЭА-10/3.12', 'условный проход 10 мм', 'номинальное давление 15 МПа', 'максимальный расход 50 л/мин', 'функция адаптации к нагрузке', NULL, NULL),
(9, 3, 0, 'Гидрораспределители', 'РГ-4', 'условный проход 4 мм', 'максимальный расход\r\n 5 л/мин', 'номинальное давление\r\n 32 МПа', 'монтаж: стыковый', '', 'RG4'),
(10, 3, 0, 'Гидрораспределители стыкового монтажа', 'РГ-6', 'условный проход 6 мм', 'максимальный расход\r\n 80 л/мин', 'номинальное давление\r\n 32 МПа', 'монтаж: стыковый', '', NULL),
(11, 3, 0, 'Гидрораспределители стыкового монтажа', 'РГС3-6/3СЕ', 'условный проход 6 мм', 'максимальный расход\r\n 60 л/мин', 'номинальное давление\r\n 32 МПа', 'монтаж: стыковый', '', NULL),
(12, 3, 0, 'Гидрораспределители стыкового монтажа', 'РГC4-6/3СММ', 'условный проход \r\n6 мм', '\r\nмаксимальный расход 32 л/мин', 'номинальное давление\r\n 32 МПа', 'монтаж: стыковый', NULL, NULL),
(13, 3, 0, 'Гидрораспределители', 'РГМ-6/3СММ', 'условный проход 6 мм', 'максимальный расход 35 л/мин', 'номинальное давление 32 МПа', 'монтаж: стыковый', NULL, NULL),
(14, 3, 0, 'Гидрораспределители', 'РГC4-10/3СММ', 'условный проход \r\n10 мм', '\r\nмаксимальный расход 63 л/мин', 'номинальное давление\r\n 32 МПа', 'монтаж: стыковый', NULL, NULL),
(15, 3, 0, 'Гидрораспределитель ', 'РГ-6/7.С14.ГЗ.Г24', 'условный проход 6 мм', '\r\nмаксимальный расход 25 л/мин', 'номинальное давление\r\n 70 МПа', 'монтаж: стыковый', NULL, NULL),
(16, 3, 0, 'Гидрораспределители ', 'РГC5-6/3СЕ', 'условный проход 6 мм', '\r\nмаксимальный расход 32 л/мин', 'номинальное давление\r\n 32 МПа', 'монтаж: стыковый', NULL, NULL),
(17, 3, 0, 'Гидрораспределитель', 'РГ-6/7.С14.Г24', 'условный проход: 6 мм', '\r\nмаксимальный расход 25 л/мин', 'номинальное давление\r\n 70 МПа', 'монтаж: стыковый', NULL, NULL),
(18, 3, 0, 'Гидрораспределители', 'РГ-8/2СE', 'условный проход: 8 мм', '\r\nмаксимальный расход 8 л/мин', 'номинальное давление\r\n 20 МПа', 'монтаж: стыковый', NULL, NULL),
(19, 3, 0, 'Гидрораспределители прямого действия стыкового монтажа', 'РГС', 'условный проход: 10 мм', '\r\nмаксимальный расход 32 л/мин', 'номинальное давление\r\n 32 МПа', 'монтаж: стыковый', NULL, NULL),
(20, 3, 0, 'Гидрораспределители ', 'РГС-10/2СЕ', 'условный проход: 10 мм', '\r\nмаксимальный расход 20 л/мин', 'номинальное давление\r\n 20 МПа', 'монтаж: стыковый', NULL, NULL),
(21, 3, 0, 'Гидрораспределители стыкового монтажа', 'РГC4', 'условный проход: 6, 10 мм', '\r\nмаксимальный расход 32 и 63 л/мин', 'номинальное давление\r\n 32 МПа', 'монтаж: стыковый', NULL, NULL),
(22, 16, 0, 'Гидрораспределители с пропорциональным электрическим управлением ', 'РГП', 'условный проход: 6 мм', '\r\nмаксимальный расход 42 л/мин', 'номинальное давление\r\n 32 МПа', 'монтаж: стыковый', 'управление: электрическое пропорциональное', NULL),
(24, 3, 0, 'Гидрораспределители', 'РПГ-16/2С', 'условный проход: 16 мм', '\r\nмаксимальный расход: 100 л/мин', 'номинальное давление\r\n 20 МПа', 'монтаж: стыковый', NULL, NULL),
(25, 3, 0, 'Гидрораспределители', 'РПГ-*/3C', 'условный проход: 10, 16, 20, 32 мм', 'максимальный расход: 160, 300, 700, 1000 л/мин', 'номинальное давление 32 МПа', 'монтаж: стыковый', '', NULL),
(27, 3, 0, 'Распределители ', 'РЧГСС', 'условный проход: 5 мм', 'номинальный расход: 0.63 л/мин', 'номинальное давление: 20 МПа', NULL, NULL, NULL),
(35, 3, 0, 'Гидрораспределитель крановый ', 'РКМ8', '', 'максимальный расход 20 л/мин', 'номинальное давление: 2 МПа', '', '', ''),
(36, 16, 0, 'Гидрораспределители ', 'РПГП', 'условные проходы 10, 16, 20, 32 мм', 'максимальные расходы 85, 250, 420, 1200 л/мин', 'номинальное давление 32 МПа', 'монтаж: стыковый', 'управление: электрическое пропорциональное', ''),
(38, 4, 0, 'Гидроклапаны обратные стыкового и трубного монтажа', 'КО-*.32', 'условный проход: 50,63,80,100 мм', 'максимальный расход: 1200,2000,3200,5000 л/мин', 'номинальное давление: 32 МПа', 'монтаж: стыковый, трубный', '', ''),
(39, 4, 0, 'Гидроклапаны обратные стыкового монтажа', 'КО-*.32С', 'условный проход: 20,32 мм', 'максимальный расход: 160,350 л/мин', 'номинальное давление: 32 МПа', 'монтаж: стыковый', '', ''),
(41, 4, 0, 'Гидроклапаны обратные', 'КО-*Л', 'условный проход: 6,10,20,30 мм', 'максимальный расход: 25,50,220,450 л/мин', 'номинальное давление: 32 МПа', 'монтаж: трубный', '', ''),
(42, 4, 0, 'Гидроклапаны обратные трубного монтажа', 'КО-*.20Т', 'условный проход: 8,10,16,20,32 мм', 'максимальный расход: 25,50,90,160,300 л/мин', 'номинальное давление: 20 МПа', 'монтаж: трубный', '', ''),
(44, 4, 0, 'Гидроклапаны обратные', 'КО-10.32С', 'условный проход: 10 мм', 'максимальный расход: 50 л/мин', 'номинальное давление: 32 МПа', 'монтаж: стыковый', '', ''),
(45, 4, 0, 'Гидроклапаны обратные трубного монтажа', 'КО-*.20Т', 'условный проход: 40,50 мм', 'максимальный расход: 550,800 л/мин', 'номинальное давление: 20 МПа', 'монтаж: трубный', '', ''),
(46, 4, 0, 'Гидроклапаны обратные', 'КО-*.32Т1', 'условный проход: 50,80 мм', 'максимальный расход: 630,1500 л/мин', 'номинальное давление: 32 МПа', 'монтаж: трубный', '', ''),
(47, 4, 0, 'Гидроклапаны обратные модульного монтажа', 'МКОМ', 'условный проход: 6,10,16,20 мм', 'максимальный расход: 80,160,200,320 л/мин', 'номинальное давление: 32 МПа', 'монтаж: модульный', '', ''),
(48, 4, 0, 'Клапаны обратные вставного монтажа', 'МКОВ', 'условный проход: 16,25,32 мм', 'максимальный расход: 200,450,750 л/мин', 'номинальное давление: 32 МПа', 'монтаж: вставной', '', ''),
(49, 4, 0, 'Гидрозамки стыкового и трубного монтажа', 'ГЗ', 'условный проход: 10,20,32,50,63,80,100 мм', 'максимальный расход: 63 .. 5000 л/мин', 'номинальное давление: 32 МПа', 'монтаж: стыковый, трубный', '', ''),
(50, 4, 0, 'Гидрозамки модульного монтажа', 'ГЗМ', 'условный проход: 6,10,16,20 мм', 'максимальный расход: 80,100,180,240 л/мин', 'номинальное давление: 32 МПа', 'монтаж: модульный', '', ''),
(51, 4, 0, 'Клапаны гидроуправляемые вставного монтажа', 'МКГВ', 'условный проход: 40,50,63,80,100,125,160 мм', 'максимальный расход: 1500 .. 18000 л/мин', 'номинальное давление: 32 МПа', 'монтаж: вставной', '', ''),
(53, 4, 0, 'Клапаны гидроуправляемые вставного монтажа', 'МКГВ', 'условный проход: 16,25,32 мм', 'максимальный расход: 200,450,750 л/мин', 'номинальное давление: 32 МПа', 'монтаж: вставной', '', ''),
(54, 3, 0, 'Гидрораспределители', 'Р50.32А44МГ', 'Условный проход 50 мм', 'Максимальный расход 400 л/мин', 'Номинальное давление 32 МПа', 'Монтаж: фланцевый', '', ''),
(55, 4, 0, 'Клапаны обратные вставного монтажа', 'МКОВ', 'условный проход: 40, 50, 63, 80, 100, 125, 160 мм', 'максимальный расход: 1500 .. 18000 л/мин', 'номинальное давление 32 МПа', 'монтаж: вставной', '', ''),
(56, 5, 0, 'Гидроклапаны предохранительные трубного монтажа', 'КП', 'условный проход: 10,20,32 мм', 'номинальное давление: 32 МПа', 'максимальный расход: 40, 100, 250 л/мин', 'монтаж: трубный', '', ''),
(57, 5, 0, 'Гидроклапаны предохранительные трубного монтажа', 'КП*.5К', 'условный проход: 16,20 мм', 'номинальное давление: 5 МПа', 'максимальный расход: 50, 80 л/мин', 'монтаж: трубный', '', ''),
(58, 5, 0, 'Гидроклапаны предохранительные', 'КП10.*С', 'условный проход: 10 мм', 'номинальное давление: 20 МПа', 'максимальный расход: 25 л/мин', 'монтаж: стыковый', '', ''),
(59, 5, 0, 'Гидроклапаны предохранительные', 'КП10.*К*', 'условный проход: 10 мм', 'номинальное давление: 20 МПа', 'максимальный расход: 25 л/мин', 'монтаж: трубный', '', ''),
(60, 5, 0, 'Гидроклапаны предохранительные', 'КП16.*К', 'условный проход: 16 мм', 'номинальное давление: 20 МПа', 'максимальный расход: 50 л/мин', 'монтаж: трубный', '', ''),
(61, 5, 0, 'Гидроклапаны предохранительные', 'КП20.*С', 'условный проход: 20 мм', 'номинальное давление: 5,6,10,20 МПа', 'максимальный расход: 95 л/мин', 'монтаж: стыковый', '', ''),
(62, 5, 0, 'Гидроклапаны предохранительные', 'КП20.*К', 'условный проход: 20 мм', 'номинальное давление: 20 МПа', 'максимальный расход: 100 л/мин', 'монтаж: трубный', '', ''),
(63, 5, 0, 'Гидроклапаны предохранительные', 'КП32*С', 'условный проход: 32 мм', 'номинальное давление: 20 МПа', 'максимальный расход: 170 л/мин', 'монтаж: стыковый', '', ''),
(64, 5, 0, 'Гидроклапаны предохранительные', 'КП32.*К*', 'условный проход: 32 мм', 'номинальное давление: 20 МПа', 'максимальный расход: 200 л/мин', 'монтаж: трубный', '', ''),
(65, 5, 0, 'Гидроклапаны предохранительные', 'КП4.32С', 'условный проход: 4 мм', 'номинальное давление: 32 МПа', 'максимальный расход: 20 л/мин', 'монтаж: стыковый', '', ''),
(66, 5, 0, 'Гидроклапаны предохранительные с электрическим управлением разгрузкой', 'КПС', 'условный проход: 40,50 мм', 'номинальное давление: 32 МПа', 'максимальный расход: 500, 6300 л/мин', 'монтаж: фланцевый', '', ''),
(67, 5, 0, 'Гидроклапаны предохранительные с гидравлическим управлением разгрузкой', 'КПС', 'условный проход: 40,50 мм', 'номинальное давление: 32 МПа', 'максимальный расход: 500, 6300 л/мин', 'монтаж: фланцевый', '', ''),
(68, 5, 0, 'Гидроклапаны предохранительные вставного монтажа', 'МКПВ', 'условный проход: 16,25,32 мм', 'номинальное давление: 32 МПа', 'максимальный расход: 200, 450, 750 л/мин', 'монтаж: вставной', '', ''),
(69, 5, 0, 'Гидроклапаны предохранительные вставного монтажа', 'МКПВ', 'условный проход: 40,50,63 мм', 'номинальное давление: 32 МПа', 'максимальный расход: 1500, 2500, 3200 л/мин', 'монтаж: вставной', '', ''),
(70, 5, 0, 'Гидроклапаны предохранительные вставного монтажа', 'МКПВ', 'условный проход: 80,100,125,160 мм', 'номинальное давление: 32 МПа', 'максимальный расход: 5000,8500,11000,17500 л/мин', 'монтаж: вставной', '', ''),
(71, 5, 0, 'Гидроклапаны предохранительные стыкового и фланцевого монтажа', 'МКПВ-*/3', 'условный проход: 50, 80 мм', 'номинальное давление: 32 МПа', 'максимальный расход: 2000, 4000 л/мин', 'монтаж: стыковый, фланцевый', '', ''),
(72, 16, 0, 'Гидроклапаны предохранительные с пропорциональным управлением вставного монтажа', 'МКПВП-*/3Ф', 'условный проход: 16,25,32 мм', 'номинальное давление: 32 МПа', 'максимальный расход: 200, 450, 750 л/мин', 'монтаж: вставной', 'управление: пропорциональное', ''),
(73, 16, 0, 'Гидроклапаны предохранительные с пропорциональным управлением стыкового и трубного монтажа', 'МКПВП-*/3С', 'условный проход: 10,20,32 мм', 'номинальное давление: 32 МПа', 'максимальный расход: 200, 450, 750 л/мин', 'монтаж: стыковый, трубный', 'управление: пропорциональное', ''),
(74, 16, 0, 'Гидроклапаны предохранительные с пропорциональным управлением', 'МКПВП-10/3М', 'условный проход: 10 мм', 'номинальное давление: 32 МПа', 'максимальный расход: 100 л/мин', 'монтаж: модульный', 'управление: пропорциональное', ''),
(75, 16, 0, 'Гидроклапаны предохранительные с пропорциональным управлением', 'МКПВП-6/3МР', 'условный проход: 6 мм', 'номинальное давление: 32 МПа', 'максимальный расход: 40 л/мин', 'монтаж: модульный', 'управление: пропорциональное', ''),
(76, 5, 0, 'Гидроклапаны предохранительные модульного монтажа', 'МКПМ', 'условный проход: 6,10,16,20 мм', 'номинальное давление: 32 МПа', 'максимальный расход: 80,120,200,320 л/мин', 'монтаж: модульный', '', ''),
(77, 5, 0, 'Гидроклапаны редукционные стыкового монтажа', 'КР', 'условный проход: 10,20,32 мм', 'номинальное давление: 32 МПа', 'максимальный расход: 40, 100, 250 л/мин', 'монтаж: стыковый', '', ''),
(78, 5, 0, 'Гидроклапаны редукционные', 'КР 10*С', 'условный проход: 10 мм', 'номинальное давление: 32 МПа', 'максимальный расход: 25 л/мин', 'монтаж: стыковый', '', ''),
(79, 5, 0, 'Гидроклапаны редукционные', 'КР 20*С', 'условный проход: 20 мм', 'номинальное давление: 20 МПа', 'максимальный расход: 85 л/мин', 'монтаж: стыковый', '', ''),
(80, 5, 0, 'Гидроклапаны редукционные вставного монтажа', 'МКРВ-*/3Ф', 'условный проход: 16,25,32 мм', 'номинальное давление: 32 МПа', 'максимальный расход: 200,450,7500 л/мин', 'монтаж: вставной', '', ''),
(81, 5, 0, 'Гидроклапаны редукционные вставного монтажа', 'МКРВ', 'условный проход: 40,50,63 мм', 'номинальное давление: 32 МПа', 'максимальный расход: 1500,2500,3200 л/мин', 'монтаж: вставной', '', ''),
(82, 5, 0, 'Гидроклапаны редукционные вставного монтажа', 'МКРВ', 'условный проход: 80,100,125,160 мм', 'номинальное давление: 32 МПа', 'максимальный расход: 4500,7000,11000,17500 л/мин', 'монтаж: вставной', '', ''),
(83, 16, 0, 'Гидроклапаны редукционные вставного монтажа с пропорциональным управлением', 'МКРВП', 'условный проход: 16,25,32 мм', 'номинальное давление: 32 МПа', 'максимальный расход: 200,400,500 л/мин', 'монтаж: вставной', 'управление: пропорциональное', ''),
(84, 16, 0, 'Гидроклапаны редукционные стыкового монтажа с пропорциональным управлением', 'МКРВП', 'условный проход: 10,20,32 мм', 'номинальное давление: 32 МПа', 'максимальный расход: 160,320,400 л/мин', 'монтаж: стыковый', 'управление: пропорциональное', ''),
(85, 16, 0, 'Гидроклапаны редукционные с пропорциональным управлением', 'МКРВП-6/3МР', 'условный проход: 6 мм', 'номинальное давление: 32 МПа', 'максимальный расход: 50 л/мин', 'монтаж: модульный', 'управление: пропорциональное', ''),
(86, 5, 0, 'Гидроклапаны редукционные модульного монтажа', 'МКРМ', 'условный проход: 6,10,16,20 мм', 'номинальное давление: 32 МПа', 'максимальный расход: 80,120,200,320 л/мин', 'монтаж: модульный', '', ''),
(87, 16, 0, 'Гидроклапаны трехлинейные с пропорциональным управлением', 'МКТВП-6/3МР', 'условный проход: 6 мм', 'номинальное давление: 32 МПа', 'максимальный расход: 50 л/мин', 'монтаж: модульный', 'управление: пропорциональное', ''),
(88, 16, 0, 'Гидроклапаны предохранительные с пропорциональным управлением', 'МКПВП-6/3С', 'условный проход: 6 мм', 'номинальное давление: 32 МПа', 'максимальный расход: 5 л/мин', 'монтаж: стыковый', 'управление: пропорциональное', NULL),
(89, 6, 0, 'Гидродроссели', 'ДР4.32Т1', 'условный проход: 4 мм', 'номинальное давление: 32 МПа', 'максимальный расход 6,3 л/мин', '', '', ''),
(90, 6, 0, 'Гидродроссели', 'ДР50.20ТР', 'условный проход: 50 мм', 'номинальное давление: 20 МПа', 'максимальный расход 400 л/мин', '', '', ''),
(91, 16, 0, 'Гидродроссели вставного монтажа с пропорциональным управлением', 'ДВП', 'условные проход: 16, 25, 32 мм', 'номинальное давление: 32 МПа', 'максимальный расход: 200, 300, 500 л/мин', 'монтаж: вставной', 'управление: пропорциональное', ''),
(92, 6, 0, 'Гидродроссели с обратным клапаном', 'ДКТ', 'условные проход: 10, 15, 20, 25 мм', 'номинальное давление: 32 МПа', 'максимальный расход: 60, 120, 200, 320 л/мин', 'монтаж: трубный', '', ''),
(93, 6, 0, 'Гидродроссели с обратным клапаном модульного монтажа', 'МДКМ', 'условные проход: 6, 10, 16, 20 мм', 'номинальное давление: 32 МПа', 'максимальный расход: 80, 160, 200, 320 л/мин', 'монтаж: модульный', '', ''),
(94, 6, 0, 'Регуляторы расхода', 'РРГД10.32', 'условный проход: 10 мм', 'номинальное давление: 32 МПа', 'максимальный расход 32 л/мин', '', '', ''),
(95, 6, 0, 'Регуляторы расхода с обратным клапаном', 'РРГД10.32.О.А', 'условный проход: 10 мм', 'номинальное давление: 32 МПа', 'максимальный расход 32 л/мин', '', '', ''),
(96, 6, 0, 'Регуляторы расхода', 'РРГД16.32А', 'условный проход: 16 мм', 'номинальное давление: 32 МПа', 'максимальный расход 100 л/мин', '', '', ''),
(97, 6, 0, 'Регуляторы расхода с обратным клапаном', 'РРГД16.32.О.А', 'условный проход: 16 мм', 'номинальное давление: 32 МПа', 'максимальный расход 100 л/мин', '', '', ''),
(98, 6, 0, 'Дроссель-расходомер', 'СДР-2', 'номинальное давление: 25 МПа', 'предел измерения расхода: 140 л/мин', '', '', '', ''),
(99, 6, 0, 'Дроссель-расходомер', 'СДР–3УК', 'номинальное давление: 25 МПа', 'предел измерения расхода: 350 л/мин', '', '', '', ''),
(100, 7, 0, 'Гидроблок', 'БПР16.10С', 'условный проход: 16 мм', 'номинальное давление: 10 МПа', 'максимальный расход: 63 л/мин', '', '', ''),
(101, 7, 0, 'Гидроблок', 'БПР32.10С', 'условный проход: 16 мм', 'номинальное давление: 10 МПа', 'максимальный расход: 160 л/мин', '', '', ''),
(102, 7, 0, 'Гидроблок', 'П6.34Р.2х34ГЗ.44Г24', 'условный проход: 6 мм', 'номинальное давление: 16 МПа', 'максимальный расход: 50 л/мин', '', '', ''),
(103, 7, 0, 'Гидроблок адаптеров', 'ГБА-20Т', 'условный проход: 6 мм', 'номинальное давление: 16 МПа', 'максимальный расход: 50 л/мин', '', '', ''),
(104, 7, 0, 'Гидроблок', 'ГБА-6Т574ЕГ24', 'условный проход: 6 мм', 'номинальное давление: 63 МПа', 'максимальный расход: 20 л/мин', '', '', ''),
(105, 7, 0, 'Комплект гидравлических устройств', 'КГУ-10/2Т', 'условный проход: 10 мм', 'номинальное давление: 25 МПа', 'максимальный расход: 140 л/мин', 'адаптация к нагрузке', '', ''),
(106, 7, 0, 'Цифровой клапанный гидропривод', 'ГЭК-250', 'условный проход: 25 мм', 'номинальное давление: 32 МПа', 'максимальный расход: 240 л/мин', '', '', ''),
(107, 8, 0, 'Насосы аксиально-поршневые', 'НС4-20', 'рабочий объем: 4 см3', 'номинальная подача: 5.5 л/мин', 'номинальное давление: 20 МПа', '', '', ''),
(108, 8, 0, 'Насосы аксиально-поршневые', 'НК 25-32', 'рабочий объем: 12.5, 25 см3', 'номинальная подача: 16.8, 35 л/мин', 'номинальное давление: 32 МПа', '', '', ''),
(110, 8, 0, 'Насосы аксиально-поршневые', 'НАП 71-32', 'рабочий объем: 20,36,50,71 см3', 'номинальная подача: 25,50,70,100 л/мин', 'номинальное давление: 32 МПа', '', '', ''),
(111, 8, 0, 'Насосы аксиально-поршневые', 'НАП 140-20', 'рабочий объем: 140 см3', 'номинальная подача: 200 л/мин', 'номинальное давление: 20 МПа', '', '', ''),
(112, 8, 0, 'Насосы аксиально-поршневые', 'НАП РП 140-20', 'рабочий объем: 140 см3', 'номинальная подача: 200 л/мин', 'номинальное давление: 20 МПа', 'адаптация к нагрузке', '', ''),
(113, 8, 0, 'Насосы аксиально-поршневые', 'НАПД', 'рабочий объем: 10.55 см3', 'номинальная подача: 15 л/мин', 'номинальное давление: 20 МПа', '', '', ''),
(114, 8, 0, 'Агрегаты насосные', 'АНЭ 140/20', 'рабочий объем: 140 см3', 'номинальная подача: 200 л/мин', 'номинальное давление: 20 МПа', '', '', ''),
(115, 8, 0, 'Агрегаты насосные', 'АНЭ 450/20', 'рабочий объем: 450 см3', 'номинальная подача: 414 л/мин', 'номинальное давление: 20 МПа', '', '', ''),
(116, 8, 0, 'Насос аксиально-поршневой', 'ПНАПП.Н2.280-25', 'рабочий объем: 280 см3', 'номинальная подача: 395 л/мин', 'номинальное давление: 25 МПа', 'управление: пропорциональное', '', ''),
(117, 8, 0, 'Насос аксиально-поршневой', 'НАПП.Н2.280-25', 'рабочий объем: 280 см3', 'номинальная подача: 395 л/мин', 'номинальное давление: 25 МПа', 'управление: пропорциональное', '', ''),
(118, 8, 0, 'Насос аксиально-поршневой', 'НАПП 140-20', 'рабочий объем: 140 см3', 'номинальная подача: 140л/мин', 'номинальное давление: 20 МПа', 'управление: пропорциональное', '', ''),
(119, 8, 0, 'Агрегаты насосные', 'НАПГС 280-25', 'рабочий объем: 280 см3', 'номинальная подача: 400 л/мин', 'номинальное давление: 25 МПа', 'гидравлическое управление подачей', '', ''),
(120, 8, 0, 'Насосы аксиально-поршневые', 'НТ 140-14', 'рабочий объем: 140 см3', 'номинальная подача: 140 л/мин', 'номинальное давление: 14 МПа', '', '', ''),
(121, 8, 0, 'Насосы эксцентриковые<br>радиально-поршневые', 'НЭРП 1,6-50', 'рабочий объем: 1.6 см3', 'номинальная подача: 2.2 л/мин', 'номинальное давление: 50 МПа', '', '', ''),
(122, 8, 0, 'Насосы плунжерные', 'НКР-1Г', 'номинальная подача: 0.15л/мин', 'номинальное давление: 2 МПа', NULL, '', '', ''),
(123, 8, 0, 'Гидромашины аксиально-поршневые', 'НМС', 'рабочий объем: 5.55, 4 см3', 'номинальная подача: 7.7, 5.3 л/мин', 'номинальное давление: 30 МПа', '', '', ''),
(125, 8, 0, 'Насос смазочный однопоршневой с механическим приводом', 'НСО 1,25-1,6-1', 'рабочий объем : 3.2, 6.3 см3', 'номинальное давление: 1.6 МПа', NULL, '', '', ''),
(126, 8, 0, 'Насосы смазочные однопоршневые', 'НСО', 'рабочий объем : 1.25 см3', 'номинальное давление: 1.6 МПа', NULL, '', '', ''),
(127, 13, 0, 'Электронные блоки для управления пропорциональной гидроаппаратурой', NULL, 'формат EUROCARD: 100×160 мм', 'напряжение питания: 12 В, 24 В', '', '', '', ''),
(128, 13, 0, 'Электронные блоки для управления пропорциональной гидроаппаратурой', NULL, 'формат ME: крепление на DIN-рейку', 'напряжение питания: 12 В, 24 В', '', '', '', ''),
(129, 8, 0, 'Агрегаты насосные', 'АН*-0,5', 'подача насоса: 5..8 л/мин', 'давление: 2.5 МПа', '', '', '', ''),
(130, 8, 0, 'Агрегаты насосные', 'АН*-2,5', 'подача насоса: 15..47 л/мин', 'давление: 2.5 МПа', '', '', '', ''),
(131, 8, 0, 'Агрегаты насосные', 'АН*-2,5', 'подача насоса: 50..125 л/мин', 'давление: 2.5 МПа', '', '', '', ''),
(132, 9, 0, 'Установка насосная', 'С47-Г48', 'подача насоса: 10..30 л/мин', 'давление: 2.5 .. 6 МПа', 'гидробак: 63 л', '', '', ''),
(133, 9, 0, 'Установка насосная', 'С61-1С160', 'подача насоса: 63.5 л/мин', 'давление: 4 МПа', 'гидробак: 160 л', '', '', ''),
(134, 9, 0, 'Установка насосная', 'С106-160В', 'подача насоса: 71.4 л/мин', 'давление: 4.5 МПа', 'гидробак: 160 л', '', '', ''),
(135, 9, 0, 'Установка насосная', 'Г570', 'подача насоса: 2.2 л/мин', 'давление: 50 МПа', 'гидробак: 30 л', '', '', ''),
(136, 9, 0, 'Установка', 'С14-УПЭ1', 'подача насоса: 100 л/мин', 'гидробак: 1250 л', 'назначение: приготовление эмульсии', '', '', ''),
(137, 9, 0, 'Станция гидропривода', 'С63 и С100', 'подача насоса: 14.4, 21.1, 35.7 л/мин', 'давление: 8, 6.3 МПа', 'гидробак: 63, 100 л', '\"назначнеие: управление платформой подъема и опускания древесностружечных плит \"', '', ''),
(138, 9, 0, 'Станция гидропривода', 'С10-ДГ30', 'подача насоса: 8 л/мин', 'давление: 2, 32 МПа', 'гидробак: 100 л', 'наличие дожима ручным насосом до давления 32 МПа', '', ''),
(139, 9, 0, 'Станция гидропривода', 'С31-ШЗ', 'подача насоса: 56.7 л/мин', 'давление: 10 МПа', 'гидробак: 160 л', '', '', ''),
(140, 9, 0, 'Станция насосная', 'С32-СММ', 'подача насоса: 4,3 л/мин', 'давление: 32 МПа', 'гидробак: 15 л', '', '', ''),
(141, 9, 0, 'Станция насосная', 'С32-СММ.01', 'подача насоса: 4,3 л/мин', 'давление: 32 МПа', 'гидробак: 15 л', '', '', ''),
(142, 9, 0, 'Станция гидропривода', 'С55-МП600РЗ', 'подача насоса: 22.8, 28.8 л/мин', 'давление: 4 МПа', 'гидробак: 250 л', 'применение: управление столом подачи пиловой и фрезерной машины МП-600', '', ''),
(143, 9, 0, 'Станция гидропривода', 'С65-ПФКО', 'подача насоса: 200 л/мин', 'давление: 30 МПа', 'гидробак: 1000 л', 'применение: производство формовочных изделий', '', ''),
(144, 9, 0, 'Станция гидропривода', 'С96-РТ', 'подача насоса: 8.9, 8.9 л/мин', 'давление: 16 МПа', 'гидробак: 160 л', 'применение: разгрузка склада топлива', '', ''),
(145, 9, 0, 'Станция гидропривода', 'С104-ПВП', 'подача насоса: 5,3 л/мин', 'давление: 16 МПа', 'гидробак: 63 л', '', '', ''),
(146, 9, 0, 'Станция гидропривода', 'С108-СЛ', 'подача насоса: 18 л/мин', 'давление: 11.6 МПа', 'гидробак: 100 л', '', '', ''),
(147, 9, 0, 'Станция гидропривода', 'С109-ПР', 'подача насоса: 11..83 л/мин', 'давление: 32 МПа', 'гидробак: 350 л,', 'применение: обжимка деталей двигателя', '', ''),
(148, 9, 0, 'Станция гидропривода', 'С111-ПН', 'подача насоса: 59,8 л/мин', 'давление: 12.5 МПа', 'гидробак: 250 л', '', '', ''),
(149, 9, 0, 'Станция гидропривода', 'С122-СТД', 'подача насоса: 4 л/мин', 'давление: 32 МПа', 'гидробак: 30 л', 'применение: испытание балок мостоленты', '', ''),
(150, 9, 0, 'Станция гидропривода', 'С125-ТТ3304', 'подача насоса: 12.7, 35.7 л/мин', 'давление: 6.3 МПа', 'гидробак: 160 л', 'применение: токарно-трубный станок ТТ3304', '', ''),
(151, 9, 0, 'Станция гидропривода', 'С148-ТР566', 'подача насоса: 100 л/мин', 'давление: 10 МПа', 'гидробак: 250 л', 'применение: манипулятор ТР566-60', '', ''),
(152, 9, 0, 'Станция гидропривода', 'С149-4951КН.80', 'подача насоса: 68,5 л/мин', 'давление: 5 МПа', 'гидробак: 200 л', 'применение: литьевые машины', '', ''),
(153, 9, 0, 'Станция гидропривода', 'С154-ССП4М', 'подача насоса: 100 л/мин', 'давление: 6 МПа', 'гидробак: 320 л', 'применение: станок для сборки покрышек ССП4 М', '', ''),
(154, 9, 0, 'Станция гидропривода', 'С158-9330', 'подача насоса: 5, 70 л/мин', 'давление: 10 МПа', 'гидробак: 800 л', 'применение: обточной станка КЗТС9330', '', ''),
(155, 9, 0, 'Станция гидропривода', 'С162-ПО', 'подача насоса: 19 л/мин', 'давление: 16 МПа', 'гидробак: 63 л', 'применение: управление рамой отражателя', '', ''),
(156, 9, 0, 'Станция гидропривода', 'С171-МАСТ', 'подача насоса: 9.7, 27.9 л/мин', 'давление: 6.3 МПа', 'гидробак: 100 л', 'применение: станочное оборудование', '', ''),
(157, 9, 0, 'Станция гидропривода', 'С184-НТ', 'подача насоса: 36 л/мин', 'давление: 17 МПа', 'гидробак: 160 л', 'применение: натяжение тросов', '', ''),
(158, 9, 0, 'Станция гидропривода передвижная', 'Г519М', 'подача насоса: 2.4 л/мин', 'давление: 40 МПа', 'гидробак: 70 л', '', '', ''),
(159, 9, 0, 'Станция гидропривода', 'Г546', 'подача насоса: 113 л/мин', 'давление: 5 МПа', 'гидробак: 200 л', 'применение: линия переработки шлака', '', ''),
(160, 9, 0, 'Станция гидропривода', 'Г624', 'подача насоса: 100 л/мин', 'давление: 2.5 МПа', '', 'применение: перекачка протечек масла', '', ''),
(161, 9, 0, 'Станция гидропривода', 'Г624М', 'подача насоса: 100 л/мин', 'давление: 2.5 МПа', '', 'применение: перекачка протечек масла', '', ''),
(162, 9, 0, 'Станция гидропривода', 'Г533', 'подача насоса: 7.7 л/мин', 'давление: 25 МПа', 'гидробак: 150 л', 'применение: вывинчивание втулок крупногабаритных изделий', '', ''),
(163, 9, 0, 'Гидросистема', 'ГИС-1', 'подача насоса: 80 л/мин', 'давление: 18 МПа', 'гидробак: 280 л', 'применение: мобильная установка измельчения и смешивания', '', ''),
(164, 9, 0, 'Станция гидропривода', 'Г715', '', 'давление: 12 МПа', 'гидробак: 260 л', 'применение: монтаж подвышечного основания бурильной установки', '', ''),
(165, 9, 0, 'Гидросистема', 'ГСПР-1', 'подача насоса: 43 л/мин', 'давление: 20 МПа', 'гидробак: 100 л', 'применение: мобильная установка солепескораспределения', '', ''),
(166, 9, 0, 'Станция гидропривода', 'С25-УНРС', 'подача насоса: 22 л/мин', 'давление: 20 МПа', 'гидробак: 400 л', 'применение: непрерывная разливка стали', '', ''),
(167, 9, 0, 'Комплект гидрооборудования', 'С42-КМК', 'подача насоса: 33 л/мин', 'давление: 14 МПа', 'гидробак: 160 л', 'применение: непрерывная разливка стали', '', ''),
(168, 9, 0, 'Станция гидропривода', 'С43-Ш3', 'подача насоса: 71 л/мин', 'давление: 10 МПа', 'гидробак: 320 л', 'применение: непрерывная разливка стали', '', ''),
(169, 9, 0, 'Станция гидропривода', NULL, 'подача насоса: 5..400 л/мин', 'давление: до 50 МПа', 'гидробак: 10..2500 л', '', '', ''),
(170, 9, 0, 'Станция гидропривода', 'С129-ПХЛ', 'подача насоса: 150 л/мин', 'давление: 6.3 МПа', 'гидробак: 100 л', 'применение: управление агрегатом продольной резки металлического листа', '', ''),
(171, 9, 0, 'Станция гидропривода', 'С155-А2431', 'подача насоса: 44 л/мин', 'давление: 10 МПа', 'гидробак: 200 л', 'применение: управление 9-ти клетьевым редукционным станом', '', ''),
(172, 9, 0, 'Станция гидропривода', 'С163–ПХЛ', 'подача насоса: 150 л/мин', 'давление: 16 МПа', 'гидробак: 1000 л', 'применение: подъем крышек НТА-3 ПХЛ', '', ''),
(173, 9, 0, 'Станция гидропривода', 'С164-ПХЛ', 'подача насоса: 200 л/мин', 'давление: 7.5 МПа', 'гидробак: 1000 л', 'применение: перемещение стола разматывателя в составе непрерывного четырехклетьевого стана', '', ''),
(174, 9, 0, 'Станция гидропривода', 'С16-СППР.1300M', 'подача насоса: 27.9, 46.8 л/мин', 'давление: 6.3 МПа', 'гидробак: 250 л', 'применение: станок раскроя бабин 60 ОМА 853', '', ''),
(175, 9, 0, 'Станция гидропривода', 'С22-РТ70.04', 'подача насоса: 3,5 л/мин', 'давление: 6 МПа', 'гидробак: 30 л', 'применение: управление дефибратором РТ70', '', ''),
(176, 9, 0, 'Станция гидропривода', 'С22-РТ70.05', 'подача насоса: 5 л/мин', 'давление: 0,5 МПа', 'гидробак: 30 л', 'применение: система смазки', '', ''),
(177, 9, 0, 'Станция гидропривода', 'С26-К25.038', 'подача насоса: 200 л/мин', 'давление: 25.5 МПа', 'гидробак: 2500 л', 'применение: управление прессом', '', ''),
(178, 9, 0, 'Станция гидропривода', 'С100-РК2М', 'подача насоса: 15.18, 43.68 л/мин', 'давление 4 МПа', 'гидробак: 130 л', 'применение: пилорамы', '', ''),
(179, 9, 0, 'Станция гидропривода', 'С100-РПМ-02К', 'подача насоса: 15.18, 43.68 л/мин', 'давление 4 МПа', 'гидробак: 130 л', 'применение: пилорамы', '', ''),
(180, 9, 0, 'Станция гидропривода', 'С116-Ц2Д', 'подача насоса: 21,1 л/мин', 'давление: 4.5 МПа', 'гидробак: 40 л', 'применение: обрезные станки', '', ''),
(181, 9, 0, 'Станция гидропривода', 'С90-ДО537', 'подача насоса: 395 л/мин', 'давление: 25 МПа', 'гидробак: 3000 л', 'применение: управление прессом', '', ''),
(182, 9, 0, 'Станция гидропривода', 'С113-ЛПМП', 'подача насоса: 14.7, 18.7 л/мин', 'давление: 10 МПа', 'гидробак: 160 л', 'применение: производство межкомнатных перегородок', '', ''),
(183, 9, 0, 'Станция гидропривода', 'С114-ЛПМП', 'подача насоса: 26.7, 46.7 л/мин', 'давление: 32 МПа', 'гидробак: 400 л', 'применение: производство межкомнатных перегородок', '', ''),
(184, 9, 0, 'Станция гидропривода', 'С114М-ЛПМП', 'подача насоса: 100 л/мин', 'давление: 32 МПа', 'гидробак: 500 л', 'применение: производство межкомнатных перегородок', '', ''),
(185, 9, 0, 'Станция гидропривода', 'С124-ХБ.134', 'подача насоса: 30 л/мин', 'давление: 16 МПа', 'гидробак: 160 л', 'применение: производство строительных блоков, резательная машина ХБ-134', '', ''),
(186, 9, 0, 'Станция гидропривода', 'С186-ПР5.А', 'подача насоса: 100, 250 л/мин', 'давление: 100 МПа', 'гидробак: 2800 л', 'применение: холодное прессование ДСП', '', ''),
(187, 9, 0, 'Станция гидропривода', 'С117-BU.1.GSKTB', 'подача насоса: 15,5 л/мин', 'давление: 16 МПа', 'гидробак: 120 л', 'применение: подъем рельсового пути АЭС', '', ''),
(188, 9, 0, 'Станция гидропривода', 'С157-КК.GSKTB', 'подача насоса: 15,5 л/мин', 'давление: 16 МПа', 'гидробак: 160 л', 'применение: транспортный шлюз АЭС', '', ''),
(189, 9, 0, 'Станция гидропривода', 'С136-ДБВП', 'подача насоса: 40 л/мин', 'давление: 2.5 МПа', 'гидробак: 160 л', 'применение: управление воротами и затворами судоходного шлюза', '', ''),
(190, 9, 0, 'Станция гидропривода', 'С156-ДБВП', 'подача насоса: 46 л/мин', 'давление: 9.5 МПа', 'гидробак: 250 л', 'применение: управление шанторным затвором судоходного шлюза', '', ''),
(191, 9, 0, 'Станция гидропривода', 'С160-РТ', 'подача насоса: 50 л/мин', 'давление: 16 МПа', 'гидробак: 160 л', 'применение: разгрузка склада топлива', '', ''),
(192, 9, 0, 'Станция гидропривода', 'С177-РТ', 'подача насоса: 40 л/мин', 'давление: 16 МПа', 'гидробак: 160 л', 'применение: разгрузка склада топлива', '', ''),
(193, 9, 0, 'Станция гидропривода', 'С50-Ш3', 'подача насоса: 22 л/мин', 'давление: 20 МПа', 'гидробак: 500 л', 'применение: управление шиберными затворами на установке разливки стали', '', ''),
(195, 8, 0, 'Насос ручной гидравлический', 'РН -160', 'рабочий объем: 25 см3', 'номинальное давление: 16 МПа', '', '', '', ''),
(196, 8, 0, 'Насосы ручные гидравлические', 'РН', 'рабочий объем: 0.8 .. 5.5 см3', 'номинальное давление: до 150 МПа', '', '', '', ''),
(197, 8, 0, 'Насос ручной', 'РНВ-200', 'усилие на рукоятке: 30 кгс', 'номинальное давление: 20 МПа', '', '', '', ''),
(198, 10, 0, 'Домкрат гидравлический', 'ДГ', 'грузоподъемность: 1000, 2000 кН', 'номинальное давление: 25 МПа', '', '', '', ''),
(199, 10, 0, 'Домкрат гидравлический комплектный', 'ДГН.50-70/110', 'грузоподъемность: 500 кН', 'максимальное давление: 70 МПа', '', '', '', ''),
(200, 10, 0, 'Домкрат гидравлический автономный', 'ДГА-50', 'грузоподъемность: 500 кН', '', '', '', '', ''),
(201, 10, 0, 'Домкрат гидравлический комплектный', 'ДГН100-65/70', 'грузоподъемность: 1000 кН', 'максимальное давление: 70 МПа', '', '', '', ''),
(202, 11, 0, 'Реле контроля расхода', 'РКР-РТ70', 'Ном. рабочее давление: 0,15 МПа', 'Макс. давление: 0,18 МПа', '', '', '', ''),
(203, 11, 0, 'Фильтры напорные', 'ФГИ', 'Условный проход:12, 20, 32 мм', 'Ном. давление: 32 МПа', '', '', '', ''),
(205, 11, 0, 'Теплообменник воздушный', 'Т', 'Ном. расход: 32, 50 л/мин', 'Макс. давление: 0,2 МПа', '', '', '', ''),
(206, 11, 0, 'Теплообменник воздушный', 'Г44-2', 'Ном. расход: 35, 70, 100 л/мин', 'Макс. давление: 0,2 МПа', '', '', '', ''),
(207, 11, 0, 'Теплообменник воздушный', '2Г 44-25', 'Ном. расход: 100 л/мин', 'Макс. давление: 0,2 МПа', '', '', '', ''),
(208, 11, 0, 'Теплообменник воздушный', '1Г 44-25', 'Ном. расход: 100 л/мин', 'Макс. давление: 0,2 МПа', '', '', '', ''),
(209, 11, 0, 'Теплообменник воздушный', 'ВГ 44-25', 'Ном. расход: 100 л/мин', 'Макс. давление: 0,2 МПа', '', '', '', ''),
(210, 10, 0, 'Выравниватель опор', 'ЛЭП Н1.697', 'Макс. давление: 25 МПа', 'Усилие на штоке: 20кН', '', '', '', ''),
(211, 10, 0, 'Гидроустановка для проталкивания труб под дорожным полотном', 'УГПТ-I', 'Номинальное давление в гидросистеме: 25 МПа', 'Номинальная подача насоса: 39 л/мин', 'Ход штока гидроцилиндра: 1500 мм', '', '', ''),
(212, 10, 0, 'Ножницы гидравлические', 'Н1.689', 'Номинальное давление: 100 МПа', 'Рабочий ход ножа: 60мм', '', '', '', ''),
(213, 10, 0, 'Гидрогайковёрт траковый', 'ГСТ 450', 'Ном. крутящий момент: 4300 Нм', 'Ном. перепад давления: 16 МПа', '', '', '', ''),
(214, 10, 0, 'Гидрогайкорез модели', 'ГКР-15/60', 'Размер под ключ: 24 - 32 мм', 'Максимальное усилие резания: 147 КН', '', '', '', ''),
(215, 10, 0, 'Съёмники гидравлические', 'СГ', 'Номинальное давление: 70 МПа', 'Соединение: быстроразъемное', '', '', '', ''),
(216, 10, 0, 'Установка для разрезки гаек', 'С500', 'Размер гаек под ключ: 24 - 32 мм', 'Максимальное усилие резания: 141 кН', '', '', '', ''),
(217, 10, 0, 'Трубогиб гидравлический комплектный', 'ТГ11-70/125', 'Максимальное давление: 70 МПа', 'Максимальный угол изгиба: 90°', '', '', '', ''),
(218, 10, 0, 'Устройство для разгонки фланцев гидравлическое', 'РГ-10', 'Усилие разгонки: 10 т', 'Номинальное давление: 6,3 МПа', '', '', '', ''),
(219, 11, 0, 'Штуцер отбора давления', 'ТКО-1.1.М', '', '', '', '', '', ''),
(220, 11, 0, 'Клапан контроля давления', 'ТКО-1', '', '', '', '', '', ''),
(221, 10, 0, 'Платформа подъемная гидравлическая', 'Н1.717', 'Рабочее давление: 5,1 МПа', 'Рабочий ход гидроцилиндра: 630 мм', '', '', '', ''),
(222, 10, 0, 'Домкрат гидравлический грузоподъемностью 200(100)т', 'ДГС200', 'Грузоподъемность: 2000/1000кН', 'Номинальное давление: 25 МПа', '', '', '', ''),
(223, 10, 0, 'Перфораторы гидропескоструйные', 'ПГС', 'Диам. проходного сечения: 32, 34, 40 мм', '', '', '', '', ''),
(225, 10, 0, 'Резак для тросов и кабелей', 'Н1.682', 'Ном. давление: 100 МПа', 'Рабочий ход ножа: 32 мм', '', '', '', ''),
(226, 10, 0, 'Гидрогайковерт', 'ГВГ.1-420/25', 'Ном. давление: 25 МПа', 'Макс. момент затяжки: 4000 Нм', '', '', '', ''),
(227, 10, 0, 'Станок шлифовально - заточной бытовой', 'СШЗБ', 'Частота вращения шлифовального круга: 1500 об/мин', 'Рабочая скорость абразивной ленты: 3,5 м/сек', '', '', '', ''),
(228, 10, 0, 'Установка для виброабразивной доводки', NULL, 'Изменение шероховатости: 0,63 .. 0,16 мкм', 'Масса детали: до 10 кг', '', '', '', ''),
(229, 10, 0, 'Установка для гидравлических испытаний оборудования и трубопроводов', 'Г544', 'Давление на выходе из насоса: 40 МПа', 'Номинальная подача: 16,7 л/мин', '', '', '', ''),
(230, 10, 0, 'Установка одношпиндельная плоскодоводочная', 'Н1.616', 'Усилие прижима: до 9800 Н', 'Частота вращения шпинделя: 50-200 об/мин', '', '', '', ''),
(231, 10, 0, 'Установка для притупления острых кромок', 'Н1.237', '', '', '', '', '', ''),
(232, 10, 0, 'Машина моечная', 'Н833', 'Ёмкость ванны: 200л', '', '', '', '', ''),
(233, 10, 0, 'Установка моечная', 'Н1.731', 'Объем моющего раствора: 300 л', 'Производительность насоса: 50 л/мин', '', '', '', ''),
(234, 10, 0, 'Пресс гидравлический', NULL, 'Усилие прижима: до 2000 кН', 'Управление: ручное/автоматическое', '', '', '', ''),
(235, 10, 0, 'Пресс для разборки и сборки траков гусениц', 'Н1.809', 'Ном. давление масла в гидросистеме: 70 МПа', 'Усилие пресса при ном.давлении: 1962 кН', '', '', '', ''),
(236, 10, 0, 'Cматыватель кабелей навесной гидравлический', 'Н1.694', 'Ном. давление: 16 МПа', 'Макс. крутящий момент: 600 Нм', '', '', '', ''),
(237, 15, 0, 'Стенд для испытания гидрооборудования сельхоз машин и фильтрации масла Г477', '', 'Ном. давление стенда: 20 МПа', 'Вместимость гидробака: 470 дм^3', '', '', '', ''),
(239, 15, 0, 'Стенд для испытания гидроаппаратуры Г600', '', 'Ном. давление стенда: 25 МПа', 'Вместимость гидробака: 230 дм^3', '', '', '', ''),
(240, 15, 0, 'Стенд для испытания гидроаппаратуры Г473', '', 'Ном. давление стенда: 32 МПа', 'Вместимость гидробака: 180 дм^3', '', '', '', ''),
(241, 15, 0, 'Стенд для испытания и настройки предохранительных клапанов, арматуры и резинотканевых рукавов Г753', '', 'Номинальное давление насоса: 2.5 МПа', 'Объем бака: до 80л', '', '', '', ''),
(242, 15, 0, 'Стенд для испытания предохранительных клапанов Г705', '', 'Номинальное давление насоса: 2.5 МПа', 'Объем бака: 90л', '', '', '', ''),
(243, 15, 0, 'Стенд для испытания цилиндров мод. Г645', '', 'Рабочее давление в системе: 3 МПа', 'Вместимость гидробака: 150л', '', '', '', ''),
(244, 15, 0, 'Стенд для испытания цилиндров мод. Г662', '', 'Максимальное давление в системе: 24 МПа', 'Вместимость гидробака: 280л', '', '', '', ''),
(245, 12, 0, 'Стенд испытательный тяг на разрыв', 'Г677', '', '', '', '', '', ''),
(246, 12, 0, 'Стенд испытательный контроля качества авторежимов', 'СИА1.АР', '', '', '', '', '', ''),
(247, 12, 0, 'Стенд испытательный контроля качества авторежимов', 'СИА2.АР', '', '', '', '', '', ''),
(248, 12, 0, 'Стенд испытательный контроля качества грузовых воздухораспределителей', 'СИА1.ВР', '', '', '', '', '', ''),
(249, 12, 0, 'Стенд испытательный контроля качества грузовых воздухораспределителей', 'СИА1.ВР.01', '', '', '', '', '', ''),
(251, 12, 0, 'Стенд испытательный ремонтный магистральных частей воздухораспределителей грузовых вагонов', 'СИП1.МВР', '', '', '', '', '', ''),
(252, 12, 0, 'Стенд испытательный контроля качества пассажирских воздухораспределителей', 'СИА1.РП', '', '', '', '', '', ''),
(253, 12, 0, 'Стенд испытательный топливоподкачивающих насосов', 'СИА1.ТН', '', '', '', '', '', ''),
(254, 12, 0, 'Стенд испытательный топливных насосов высокого давления дизелей 5Д49', 'СИА1.ТНВД.Д49', '', '', '', '', '', ''),
(255, 12, 0, 'Стенд испытательный топливных насосов высокого давления дизельных двигателей тепловозов ТЭМ', 'СИА1.ТНВД.ТЭМ', '', '', '', '', '', ''),
(256, 12, 0, 'Стенд испытательный топливных насосов высокого давления дизельных двигателей тепловозов ЧМЭ3', 'СИА1.ТНВД.ЧМЭ3', '', '', '', '', '', ''),
(257, 12, 0, 'Стенд испытательный регуляторов тормозной рычажной передачи', 'СИА1.ТРП', '', '', '', '', '', ''),
(258, 12, 0, 'Стенд испытательный и ремонтный тормозных цилиндров', 'СИА1.ТЦ', '', '', '', '', '', ''),
(259, 12, 0, 'Стенд испытательный контроля качества тормозных цилиндров', 'СИА2.ТЦ', '', '', '', '', '', ''),
(260, 12, 0, 'Стенд испытательный и ремонтный тормозных цилиндров', 'СИА3.ТЦ', '', '', '', '', '', ''),
(261, 12, 0, 'Стенд испытательный электропневматических аппаратов тепловозов', 'СИА1.ЭП', '', '', '', '', '', ''),
(262, 12, 0, 'Стенд испытательный тормозных рукавов', 'СИА2.ТР', '', '', '', '', '', ''),
(263, 12, 0, 'Стенд испытательный тормозных рукавов', 'СИА3.ТР', '', '', '', '', '', ''),
(264, 12, 0, 'Стенд испытательный тормозной системы вагона', 'СИА2.ТС', '', '', '', '', '', ''),
(265, 12, 0, 'Стенд испытательный и ремонтный тормозных рукавов снегоочистителей', 'СИТ1.РТС', '', '', '', '', '', ''),
(266, 12, 0, 'Установка импульсная', 'СИЭ1.ИУ', '', '', '', '', '', ''),
(267, 12, 0, 'Установка импульсная', 'СИЭ2.ИУ', '', '', '', '', '', ''),
(268, 12, 0, 'Стенд для испытания тормозных устройств', 'СИА1.ТУ', '', '', '', '', '', ''),
(269, 12, 0, 'Стенд испытательный и ремонтный запасных резервуаров', 'СИА1.ЗР', '', '', '', '', '', ''),
(270, 12, 0, 'Стенд испытательный и ремонтный запасных резервуаров', 'СИА3.ЗР', '', '', '', '', '', ''),
(271, 12, 0, 'Стенд испытательный и ремонтный концевых кранов', 'СИА1.КК', '', '', '', '', '', ''),
(272, 12, 0, 'Стенд испытательный и ремонтный тормозных рукавов', 'СИА4.ТР', '', '', '', '', '', ''),
(273, 12, 0, 'Стенд испытательный и ремонтный тормозных рукавов', 'СИА4.ТР.1', '', '', '', '', '', ''),
(274, 12, 0, 'Стенд испытательный и ремонтный тормозных рукавов', 'СИА5.ТР', '', '', '', '', '', ''),
(275, 12, 0, 'Стенд испытательный и ремонтный тормозных рукавов', 'СИА5.ТР.М', '', '', '', '', '', ''),
(276, 12, 0, 'Стенд для испытания пружин', 'СИП1.П', '', '', '', '', '', ''),
(277, 12, 0, 'Стенд испытательный ремонтный (стол) для главных частей воздухораспределителей грузовых вагонов', 'СИП1.ВР', '', '', '', '', '', ''),
(278, 12, 0, 'Стенд для испытания винтовой упряжи', 'Г667', '', '', '', '', '', ''),
(279, 12, 0, 'Стенд для испытания форсунок', 'СИА1.ТФ', '', '', '', '', '', ''),
(280, 12, 0, 'Стенд для испытания автотормозов', 'СИА1.ТК', '', '', '', '', '', ''),
(281, 12, 0, 'Стенд испытательный воздухораспределителей и авторежимов', 'СИА1.ТК.ВР', '', '', '', '', '', ''),
(282, 12, 0, 'Стенд для испытания гидравлических гасителей колебаний (амортизаторов, демпферов)', 'СИА1.ГК', '', '', '', '', '', ''),
(283, 12, 0, 'Стенд испытательный и ремонтный тормозных рукавов', 'СИА4.ТР.М', '', '', '', '', '', ''),
(284, 12, 0, 'Стенд для испытания цилиндрических винтовых пружин рессорного подвешивания', 'СИП1.ПЭТ', '', '', '', '', '', ''),
(285, 12, 0, 'Стенд для поверки локомотивных скоростемеров', 'СИП1.СЛ', '', '', '', '', '', ''),
(286, 12, 0, 'Стенд испытательный для проверки межтепловозных соединений', 'СИЭ1.ЭС', '', '', '', '', '', ''),
(287, 12, 0, 'Стенд вибрационный', 'СИЭ1.ВС', '', '', '', '', '', ''),
(288, 12, 0, 'Стенд для испытания и проверки преобразователей тиристорных ПТ-ЭПТ и блоков управления БУ-ЭПТ', 'СИЭ1.ТП', '', '', '', '', '', ''),
(289, 12, 0, 'Стенд для испытания электропневматического клапана ЭПК-150', 'СИЭ1.ЭПК', '', '', '', '', '', ''),
(290, 12, 0, 'Стенд для проверки блоков предварительной световой сигнализации АЛСН', 'СИЭ1.ПСС', '', '', '', '', '', ''),
(291, 12, 0, 'Стенд для проверки, настройки и регулировки устройств контроля бдительности машиниста', 'СИЭ1.УКБМ', '', '', '', '', '', ''),
(292, 12, 0, 'Стенд испытательный для проверки ламп повышенным напряжением', 'СИЭ1.ЛПН', '', '', '', '', '', ''),
(293, 12, 0, 'Стенд для испытаний воздушных резервуаров тепловозов', 'Г575', '', '', '', '', '', ''),
(294, 12, 0, 'Стенд для испытаний воздушных резервуаров тепловозов', 'Г575М1', '', '', '', '', '', ''),
(295, 12, 0, 'Стенд испытательный автоматизированный для листовых рессор локомотивов', 'Г682', '', '', '', '', '', ''),
(296, 12, 0, 'Стенд испытательный топливных насосов высокого давления', 'СИА1.ТНВД.Д49/50', '', '', '', '', '', ''),
(297, 12, 0, 'Стенд для испытания плунжерных пар на гидравлическую плотность', 'СИА1.ПП', '', '', '', '', '', ''),
(298, 12, 0, 'Стенд для регулирования регуляторов частоты вращения дизеля ЧМЭ3', 'СИП1.РС', '', '', '', '', '', ''),
(299, 12, 0, 'Стенд для регулирования регуляторов частоты оборотов дизеля тепловоза ТЭП-70', 'СИП2.РС', '', '', '', '', '', ''),
(300, 12, 0, 'Установка для поверки электроманометров и электротермометров', 'Н1.808', '', '', '', '', '', ''),
(301, 15, 0, 'Стенд для испытания шестерённых насосов Г683', '', 'Ном. рабочее давление в системе: 16 МПа', 'Ёмкость гидробака: 400 дм^3', '', '', '', ''),
(302, 15, 0, 'Стенд для испытания грузозахватных приспособлений мод. Г406', '', 'Грузоподъемность стропов: от 0.5 до 4.0 т', 'Номинальное давление: 10 МПа', '', '', '', ''),
(304, 15, 0, 'Стенд для выравнивания штанг насосных Г537', '', 'Ном. усилие : 400 кН', 'Ном. производительность насоса 5.5 л/мин', 'Ход штока цилиндра: 500 мм', 'Ном. давление: 26 МПа', '', ''),
(305, 15, 0, 'Стенд для испытания задвижек Г503', '', 'Макс. давление масла в гидросистеме: 21 МПа', 'Макс. давление воды при испытании задвижки: 105 МПа', '', '', '', ''),
(306, 15, 0, 'Стенд для испытания элеваторов Г504', '', 'Макс. давление масла: 30,6 МПа', 'Вместимость гидробака: 110 л', '', '', '', ''),
(307, 15, 0, 'Стенд для испытания противовыбросового оборудования мод. Г574', '', 'Макс. давление масла в гидроцилиндре зажима: 27.5 МПа', 'Диапазон рабочего давления: от 4.0 до 24.5 МПа', 'Усилие на штоке при макс. давлении: 2800 кН', '', '', ''),
(308, 15, 0, 'Стенд для испытания и регулировки форсунок мод. СИА2.ФС', '', 'Диапазон измерения давления: от 0 до 60 МПа', 'Диапазон воспроизведения давления: от 0 до 40 МПа', 'Емкость для топлива: 2 л', '', '', ''),
(309, 15, 0, 'Стенд для испытания топливных насосов высокого давления модели СИА2.ТНВД', '', 'Кол-во одновр. испытываемых линий: до 12', 'Вместимость гидробака топлива: 75 л', 'Вместимость гидробака масла: 15 л', '', '', ''),
(310, 15, 0, 'Стенд для испытания грузовых стропов на прочность мод. Г644', '', 'Грузоподъемность стропов: от 0.4 до 20.0 т', 'Максимальное давление 17.4 МПа', '', '', '', ''),
(311, 12, 0, 'Стенд для испытания электрических аппаратов тепловозов и дизель-поездов', 'СИЭ1.ЭА', '', '', '', '', '', ''),
(312, 15, 0, 'Стенд для испытания гидроаппаратуры', 'Г605', '', '', '', '', '', ''),
(313, 15, 0, 'Стенд для испытания гидромашин', 'Г626', '', '', '', '', '', ''),
(314, 14, 0, 'Гидростанция передвижная', 'Г580-ГС', '', '', '', '', '', ''),
(315, 14, 0, 'Гидростанция передвижная', 'Г580М-ГС', '', '', '', '', '', ''),
(316, 14, 0, 'Гидростанция', 'С112-РП', '', '', '', '', '', ''),
(317, 14, 0, 'Стенд поворотный для разборки двигателей Д 240, Д 260', 'Н1.791', '', '', '', '', '', ''),
(318, 14, 0, 'Стенд для опрессовки втулок цилиндров дизелей', 'СИА1.ВЦ', '', '', '', '', '', ''),
(319, 14, 0, 'Стол для очистки воздушного фильтра 145.02', 'Н1.826', '', '', '', '', '', ''),
(320, 14, 0, 'Установка для монтажа/демонтажа корпусов букс и кассетных подшипников колесных пар', 'Н1.963.УМД', '', '', '', '', '', ''),
(321, 14, 0, 'Кантователь опоры', 'Н1.795', '', '', '', '', '', ''),
(322, 14, 0, 'Кантователь опоры подшипников', 'Н1.794', '', '', '', '', '', ''),
(323, 14, 0, 'Кантователь рамы тележки тепловоза', 'Н1.807', '', '', '', '', '', ''),
(324, 14, 0, 'Пресс гидравлический', 'Н1.793', '', '', '', '', '', ''),
(325, 14, 0, 'Пресс гидравлический', 'Н1.804', '', '', '', '', '', ''),
(326, 14, 0, 'Пресс гидравлический 20т', 'Н1.805', '', '', '', '', '', ''),
(327, 14, 0, 'Пресс гидравлический 27т', 'Н1.824', '', '', '', '', '', ''),
(328, 14, 0, 'Пресс гидравлический 35т', 'Н1.806', '', '', '', '', '', ''),
(329, 14, 0, 'Пресс для сборки и разборки листовых рессор локомотивов', 'Н1.829', '', '', '', '', '', ''),
(330, 14, 0, 'Пресс ремонтный гидравлический 100т', 'Н1.741Д', '', '', '', '', '', ''),
(331, 14, 0, 'Стол для ремонта и предварительных испытаний автоматических регуляторов режимов торможения', 'Н1.841', '', '', '', '', '', ''),
(332, 14, 0, 'Стол для ремонта и промежуточных испытаний деталей и узлов крана машиниста', 'Н1.839', '', '', '', '', '', ''),
(333, 14, 0, 'Стол для ремонта резинометаллических клапанов', 'Н1.827', '', '', '', '', '', ''),
(334, 14, 0, 'Стол ремонтный', 'СИА1.ТРП.00.030', '', '', '', '', '', ''),
(335, 14, 0, 'Съемник гидравлический комплектный для демонтажа деталей колесной пары ТЭП 75.31.15', 'СГС35-80/70', '', '', '', '', '', ''),
(336, 14, 0, 'Трубогиб гидравлический', 'Н1.ТГН', '', '', '', '', '', ''),
(337, 14, 0, 'Установка для клепки фрикционных планок', 'УКФП-1', '', '', '', '', '', ''),
(338, 14, 0, 'Установка для пайки охлаждающего элемента теплообменника', 'Н1.828', '', '', '', '', '', ''),
(339, 14, 0, 'Установка для проворота вала дизеля', 'Н1.797', '', '', '', '', '', ''),
(340, 14, 0, 'Установка для сборки зубчатого колеса и ступицы', 'Н1.803', '', '', '', '', '', ''),
(341, 14, 0, 'Установка для снятия и постановки поглощающих аппаратов', 'Н1.823', '', '', '', '', '', ''),
(342, 14, 0, 'Установка для съема буксовых подшипников', 'Н1.854', '', '', '', '', '', ''),
(343, 14, 0, 'Установка для разборки и сборки поглощающих аппаратов', 'Н1.868', '', '', '', '', '', ''),
(344, 17, 0, 'Бачок переносной для заливки кислотного электролита в аккумуляторные батареи', 'Н1.912.Е203-00.000', '', '', '', '', '', ''),
(345, 17, 0, 'Барабан кабельный', 'Н1.869.У45', 'Предназначен для ввода на пониженном напряжении локомотивов в здание для ремонта', '', '', '', '', ''),
(346, 17, 0, 'Ванна для мойки и сушки деталей', 'Н1.870.К5', '', '', '', '', '', ''),
(347, 17, 0, 'Верстак для разборки и сборки форсунок', 'Н1.871.И109', '', '', '', '', '', ''),
(348, 17, 0, 'Камера для обдувки деталей', 'Н1.872.К20', '', '', '', '', '', ''),
(349, 17, 0, 'Ванна для дистиллированной воды', 'Н1.873.Е26', '', '', '', '', '', ''),
(350, 17, 0, 'Бачок для содового раствора', 'Н1.874.Е122', '', '', '', '', '', ''),
(351, 17, 0, 'Стеллаж для кассет воздушных фильтров', 'Н1.875.И116', '', '', '', '', '', ''),
(352, 17, 0, 'Ванна для промасливания кассет воздушных фильтров', 'Н1.876.Е186', 'Предназначена для достижения максимальной эффективности работы воздушных фильтров тепловозов', '', '', '', '', ''),
(353, 17, 0, 'Стол сварщика со встроенным вентилятором', 'Н1.877.БП109', 'Предназначен для удаления сварочных аэрозолей из зоны сварки при проведении сварочных работ на столе', '', '', '', '', ''),
(354, 17, 0, 'Рукав для слива отработанного масла', 'Н1.879.В25', '', '', '', '', '', ''),
(355, 17, 0, 'Рама под баки для масла', 'Н1.880.И95', '', '', '', '', '', '');
INSERT INTO `products` (`id`, `group_id`, `sort_id`, `description`, `model`, `param1`, `param2`, `param3`, `param4`, `param5`, `file_name`) VALUES
(356, 17, 0, 'Рама под баки для воды', 'Н1.881.И96', 'Предназначена приготовления воды в баках объемом 180 л', '', '', '', '', ''),
(357, 17, 0, 'Ванна для дистиллированной воды', 'Н1.882.БП382', '', '', '', '', '', ''),
(358, 17, 0, 'Стеллаж–рольганг для аккумуляторных батарей', 'Н1.883.И117', '', '', '', '', '', ''),
(359, 17, 0, 'Ванна для промывки и прополаскивания воздушных фильтров', 'Н1.884.Е185', '', '', '', '', '', ''),
(360, 17, 0, 'Камера просушки кассет фильтров для тепловозов ТЭМ18', 'Н1.889.К4', '', '', '', '', '', ''),
(361, 17, 0, 'Фильтр для воды', 'Н1.890.Р11', 'Предназначен для очистки воды, подающейся на экипировку тепловозов', '', '', '', '', ''),
(362, 17, 0, 'Колонка для воды', 'Н1.891.Р18И', 'Предназначена для заправки тепловозов охлаждающей водой', '', '', '', '', ''),
(363, 17, 0, 'Ванна для приготовления электролита', 'Н1.892.БП381', 'Предназначена для электролита, используемого в аккумуляторных батарях типа 32ТН450', '', '', '', '', ''),
(364, 17, 0, 'Бак для приготовления охлаждающей воды', 'Н1.893.Е297', '', '', '', '', '', ''),
(365, 17, 0, 'Бак для масла', 'Н1.895.Е28', '', '', '', '', '', ''),
(366, 17, 0, 'Бак для приготовления воды', 'Н1.896.Е27', '', '', '', '', '', ''),
(367, 17, 0, 'Бадья для песка', 'Н1.897.Р10', '', '', '', '', '', ''),
(368, 17, 0, 'Фильтр', 'Н1.898.Р120', '', '', '', '', '', ''),
(369, 17, 0, 'Воронка разгрузочная', 'Н1.899.Р20', 'Предназначена для разгрузки песка', '', '', '', '', ''),
(370, 5, 0, 'Гидроклапаны предохранительные стыкового монтажа', 'МКПВ-*/3C', 'условный проход: 10,20,32 мм', 'номинальное давление: 32 МПа', 'максимальный расход: 200, 450, 750 л/мин', 'монтаж: стыковый', '', ''),
(374, 1, 0, '', 'СИАСИА223456', 'ПАВУК', '', '', '', '', ''),
(377, 1, 0, 'f', 'р', 'DDD', '', '', '', '', '');

-- --------------------------------------------------------

--
-- Структура таблицы `product_groups`
--

CREATE TABLE `product_groups` (
  `id` int(11) NOT NULL,
  `sort_id` int(11) DEFAULT NULL,
  `description` varchar(100) DEFAULT NULL,
  `viewmode` int(1) DEFAULT NULL,
  `Keywords` varchar(250) NOT NULL
) ENGINE=InnoDB DEFAULT CHARSET=utf8 ROW_FORMAT=COMPACT;

--
-- Дамп данных таблицы `product_groups`
--

INSERT INTO `product_groups` (`id`, `sort_id`, `description`, `viewmode`, `Keywords`) VALUES
(1, 1, 'Электронно-гидравлические системы', 1, 'купить гидравлика гидравлическая система гидросистема'),
(2, 2, 'Гидрораспределители секционные', 1, 'купить гидравлика гидравлический распределитель гидрораспределитель секцинныйгидравлика'),
(3, 3, 'Гидрораспределители', 2, 'купить гидравлика гидравлический распределитель гидрораспределитель'),
(4, 4, 'Направляющие аппараты', 2, 'купить гидравлика гидравлический гидрозамок клапан гидроклапан'),
(5, 5, 'Гидроклапаны давления', 2, 'купить гидравлика гидравлический клапан предохранительный редукционный'),
(6, 6, 'Гидродроссели и регуляторы расхода', 1, 'купить гидравлический дроссель гидроссель регулятор расхода расходомер гидравлика '),
(7, 7, 'Гидроблоки', 1, 'купить гидравлический гидроблок гидропривод комплект устройство гидравлика '),
(8, 8, 'Гидромашины', 1, 'купить гидравлика насос агрегат насосный ручной аксиальный смазочный'),
(9, 9, 'Гидроприводы и гидростанции', 2, 'купить гидравлика гидравлическая гидро станция гидропривод система'),
(10, 10, 'Специальное оборудование', 1, 'купить гидравлический пресс установка гайковерт гайкорез домкрат ножницы сматыватель платформа моечная сьемник трубогиб специальное'),
(11, 11, 'Вспомогательная оборудование', 2, 'купить теплообменник фильтр реле клапан контроля расхода штуцер '),
(12, 13, 'Испытательное оборудование для ЖД', 1, 'купить стенд испытательный испытаний проверки установка железная дорога оборудование'),
(13, 15, 'Электронные компоненты', 1, 'купить электронный блок управления'),
(14, 14, 'Нестандартизированное оборудование для ЖД', 1, 'купить оборудование железная дорога гидростанция станция пресс ремонтный кантователь очистка установка сьемник '),
(15, 12, 'Стенды испытательные', 2, 'купить стенд испытательный'),
(16, 6, 'Пропорциональная гидроаппаратура', 2, 'купить гидравлический гидро клапан дроссель распределитель пропорциональное управление гидрораспределитель гидравлика '),
(17, 14, 'Вспомогательное оборудование для ЖД', 1, 'купить железная дорога барабан стелаж барабан ванна камера стол рукав рама приготовление фильтр электролит'),
(20, 1, 'ДимаLOX', 1, 'олвыаршщгыуп'),
(21, 1, 'СИАСИА', 1, 'ПАВУКИ'),
(22, 1, 'СИАСИА', 1, 'ПАВУКИ'),
(24, 1, 'павучок', 333, 'ДимаДима');

--
-- Индексы сохранённых таблиц
--

--
-- Индексы таблицы `contdata`
--
ALTER TABLE `contdata`
  ADD PRIMARY KEY (`id`) USING BTREE;

--
-- Индексы таблицы `products`
--
ALTER TABLE `products`
  ADD PRIMARY KEY (`id`) USING BTREE;

--
-- Индексы таблицы `product_groups`
--
ALTER TABLE `product_groups`
  ADD PRIMARY KEY (`id`) USING BTREE;

--
-- AUTO_INCREMENT для сохранённых таблиц
--

--
-- AUTO_INCREMENT для таблицы `contdata`
--
ALTER TABLE `contdata`
  MODIFY `id` int(11) NOT NULL AUTO_INCREMENT, AUTO_INCREMENT=381;

--
-- AUTO_INCREMENT для таблицы `products`
--
ALTER TABLE `products`
  MODIFY `id` int(11) NOT NULL AUTO_INCREMENT, AUTO_INCREMENT=378;

--
-- AUTO_INCREMENT для таблицы `product_groups`
--
ALTER TABLE `product_groups`
  MODIFY `id` int(11) NOT NULL AUTO_INCREMENT, AUTO_INCREMENT=25;
COMMIT;

/*!40101 SET CHARACTER_SET_CLIENT=@OLD_CHARACTER_SET_CLIENT */;
/*!40101 SET CHARACTER_SET_RESULTS=@OLD_CHARACTER_SET_RESULTS */;
/*!40101 SET COLLATION_CONNECTION=@OLD_COLLATION_CONNECTION */;
